[Tue Feb 24 01:39:00 EST 2026] No pending sync request.
[Tue Feb 24 01:39:30 EST 2026] No pending sync request.
[Tue Feb 24 01:40:01 EST 2026] No pending sync request.
[Tue Feb 24 01:40:31 EST 2026] No pending sync request.
[Tue Feb 24 01:41:01 EST 2026] No pending sync request.
[Tue Feb 24 01:41:31 EST 2026] No pending sync request.
[Tue Feb 24 01:42:01 EST 2026] No pending sync request.
[Tue Feb 24 01:42:32 EST 2026] No pending sync request.
[Tue Feb 24 01:43:02 EST 2026] No pending sync request.
[Tue Feb 24 01:43:32 EST 2026] No pending sync request.
[Tue Feb 24 01:44:02 EST 2026] No pending sync request.
[Tue Feb 24 01:44:32 EST 2026] Pending sync request found — running sync...
🚀 Mission Control Sync — 2/24/2026, 1:44:32 AM
   Target: https://first-ram-850.convex.site
   🔔 Dashboard-requested sync (requested at 1:44:27 AM)
  📂 Loaded 42 sessions from dump

🤖 Syncing agents...
  ✅ Anago (active, 7 today, $0.08 today)
  ✅ IQ (idle, 0 today, $0.00 today)
  ✅ Mako (active, 0 today, $0.00 today)
  ✅ GreenSea (idle, 0 today, $0.00 today)
  ✅ Uni (idle, 0 today, $0.00 today)

⏰ Syncing cron jobs...
  ✅ 41 cron jobs synced

📡 Syncing sessions + costs...
  ✅ 42 sessions synced with cost data
  💰 Actual total cost across sessions: $0.40

📝 Syncing tasks from workspace...
  ✅ 14 tasks from TODO.md synced
  ✅ 30 total tasks synced (TODO.md + tasks/)

📋 Syncing recent activity...
  ✅ 17 new activity entries synced

🦈 Syncing Mako scalper trades...
  ℹ️  No new trades to sync
  ✅ Status synced: active (live), 1 trades, 0.0% WR
  ✅ 1 daily PnL records synced

🪸 Syncing Uni Kalshi trading...
  ✅ Uni status synced: idle, $518.76 balance, 0 trades

🧠 Syncing memory files...
  ✅ memory/2026-02-24.md
  ✅ 1 files synced, 18 unchanged

✅ Sync complete!
[Tue Feb 24 01:44:43 EST 2026] Sync complete.
[Tue Feb 24 01:45:14 EST 2026] No pending sync request.
[Tue Feb 24 01:45:44 EST 2026] No pending sync request.
[Tue Feb 24 01:46:14 EST 2026] No pending sync request.
[Tue Feb 24 01:46:44 EST 2026] No pending sync request.
[Tue Feb 24 01:47:14 EST 2026] No pending sync request.
[Tue Feb 24 01:47:45 EST 2026] No pending sync request.
[Tue Feb 24 01:48:15 EST 2026] No pending sync request.
[Tue Feb 24 01:48:45 EST 2026] No pending sync request.
[Tue Feb 24 01:49:15 EST 2026] No pending sync request.
[Tue Feb 24 01:49:45 EST 2026] No pending sync request.
[Tue Feb 24 01:50:16 EST 2026] No pending sync request.
[Tue Feb 24 01:50:46 EST 2026] No pending sync request.
[Tue Feb 24 01:51:16 EST 2026] No pending sync request.
[Tue Feb 24 01:51:46 EST 2026] No pending sync request.
[Tue Feb 24 01:52:16 EST 2026] No pending sync request.
[Tue Feb 24 01:52:47 EST 2026] No pending sync request.
[Tue Feb 24 01:53:17 EST 2026] No pending sync request.
[Tue Feb 24 01:53:47 EST 2026] No pending sync request.
[Tue Feb 24 01:54:17 EST 2026] No pending sync request.
[Tue Feb 24 01:54:47 EST 2026] No pending sync request.
[Tue Feb 24 01:55:18 EST 2026] No pending sync request.
[Tue Feb 24 01:55:48 EST 2026] No pending sync request.
[Tue Feb 24 01:56:18 EST 2026] No pending sync request.
[Tue Feb 24 01:56:48 EST 2026] No pending sync request.
[Tue Feb 24 01:57:18 EST 2026] No pending sync request.
[Tue Feb 24 01:57:48 EST 2026] No pending sync request.
[Tue Feb 24 01:58:19 EST 2026] No pending sync request.
[Tue Feb 24 01:58:49 EST 2026] No pending sync request.
[Tue Feb 24 01:59:19 EST 2026] No pending sync request.
[Tue Feb 24 01:59:49 EST 2026] No pending sync request.
[Tue Feb 24 02:00:19 EST 2026] No pending sync request.
[Tue Feb 24 02:00:50 EST 2026] No pending sync request.
[Tue Feb 24 02:01:20 EST 2026] No pending sync request.
[Tue Feb 24 02:01:50 EST 2026] No pending sync request.
[Tue Feb 24 02:02:20 EST 2026] No pending sync request.
[Tue Feb 24 02:02:50 EST 2026] No pending sync request.
[Tue Feb 24 02:03:21 EST 2026] No pending sync request.
[Tue Feb 24 02:03:51 EST 2026] No pending sync request.
[Tue Feb 24 02:04:21 EST 2026] No pending sync request.
[Tue Feb 24 02:04:51 EST 2026] No pending sync request.
[Tue Feb 24 02:05:21 EST 2026] No pending sync request.
[Tue Feb 24 02:05:52 EST 2026] No pending sync request.
[Tue Feb 24 02:06:22 EST 2026] No pending sync request.
[Tue Feb 24 02:06:52 EST 2026] No pending sync request.
[Tue Feb 24 02:07:22 EST 2026] No pending sync request.
[Tue Feb 24 02:07:52 EST 2026] No pending sync request.
[Tue Feb 24 02:08:23 EST 2026] No pending sync request.
[Tue Feb 24 02:08:53 EST 2026] No pending sync request.
[Tue Feb 24 02:09:23 EST 2026] No pending sync request.
[Tue Feb 24 02:09:53 EST 2026] No pending sync request.
[Tue Feb 24 02:10:23 EST 2026] Pending sync request found — running sync...
🚀 Mission Control Sync — 2/24/2026, 2:10:23 AM
   Target: https://first-ram-850.convex.site
   🔔 Dashboard-requested sync (requested at 2:10:19 AM)
  📂 Loaded 42 sessions from dump

🤖 Syncing agents...
  ✅ Anago (active, 7 today, $0.08 today)
  ✅ IQ (idle, 0 today, $0.00 today)
  ✅ Mako (active, 0 today, $0.00 today)
  ✅ GreenSea (idle, 0 today, $0.00 today)
  ✅ Uni (idle, 0 today, $0.00 today)

⏰ Syncing cron jobs...
  ✅ 41 cron jobs synced

📡 Syncing sessions + costs...
  ✅ 42 sessions synced with cost data
  💰 Actual total cost across sessions: $0.40

📝 Syncing tasks from workspace...
  ✅ 14 tasks from TODO.md synced
  ✅ 30 total tasks synced (TODO.md + tasks/)

📋 Syncing recent activity...
  ✅ 0 new activity entries synced

🦈 Syncing Mako scalper trades...
  ℹ️  No new trades to sync
  ✅ Status synced: active (live), 3 trades, 0.0% WR
  ✅ 1 daily PnL records synced

🪸 Syncing Uni Kalshi trading...
  ✅ Uni status synced: idle, $518.76 balance, 0 trades

🧠 Syncing memory files...
  ✅ 0 files synced, 19 unchanged

✅ Sync complete!
[Tue Feb 24 02:10:34 EST 2026] Sync complete.
[Tue Feb 24 02:11:04 EST 2026] No pending sync request.
[Tue Feb 24 02:11:34 EST 2026] No pending sync request.
[Tue Feb 24 02:12:04 EST 2026] No pending sync request.
[Tue Feb 24 02:12:34 EST 2026] No pending sync request.
[Tue Feb 24 02:13:05 EST 2026] No pending sync request.
[Tue Feb 24 02:13:35 EST 2026] No pending sync request.
[Tue Feb 24 02:14:05 EST 2026] No pending sync request.
[Tue Feb 24 02:14:35 EST 2026] No pending sync request.
[Tue Feb 24 02:15:05 EST 2026] No pending sync request.
[Tue Feb 24 02:15:36 EST 2026] No pending sync request.
[Tue Feb 24 02:16:06 EST 2026] No pending sync request.
[Tue Feb 24 02:16:36 EST 2026] No pending sync request.
[Tue Feb 24 02:17:06 EST 2026] No pending sync request.
[Tue Feb 24 02:17:36 EST 2026] No pending sync request.
[Tue Feb 24 02:18:07 EST 2026] No pending sync request.
[Tue Feb 24 02:18:37 EST 2026] No pending sync request.
[Tue Feb 24 02:19:07 EST 2026] No pending sync request.
[Tue Feb 24 02:19:37 EST 2026] No pending sync request.
[Tue Feb 24 02:20:08 EST 2026] No pending sync request.
[Tue Feb 24 02:20:38 EST 2026] No pending sync request.
[Tue Feb 24 02:21:08 EST 2026] No pending sync request.
[Tue Feb 24 02:21:38 EST 2026] No pending sync request.
[Tue Feb 24 02:22:08 EST 2026] No pending sync request.
[Tue Feb 24 02:22:39 EST 2026] No pending sync request.
[Tue Feb 24 02:23:09 EST 2026] No pending sync request.
[Tue Feb 24 02:23:39 EST 2026] No pending sync request.
[Tue Feb 24 02:24:09 EST 2026] No pending sync request.
[Tue Feb 24 02:24:39 EST 2026] No pending sync request.
[Tue Feb 24 02:25:10 EST 2026] No pending sync request.
[Tue Feb 24 02:25:40 EST 2026] No pending sync request.
[Tue Feb 24 02:26:10 EST 2026] No pending sync request.
[Tue Feb 24 02:26:40 EST 2026] No pending sync request.
[Tue Feb 24 02:27:10 EST 2026] No pending sync request.
[Tue Feb 24 02:27:41 EST 2026] No pending sync request.
[Tue Feb 24 02:28:11 EST 2026] No pending sync request.
[Tue Feb 24 02:28:41 EST 2026] No pending sync request.
[Tue Feb 24 02:29:11 EST 2026] No pending sync request.
[Tue Feb 24 02:29:42 EST 2026] No pending sync request.
[Tue Feb 24 02:30:12 EST 2026] No pending sync request.
[Tue Feb 24 02:30:42 EST 2026] No pending sync request.
[Tue Feb 24 02:31:12 EST 2026] No pending sync request.
[Tue Feb 24 02:31:42 EST 2026] No pending sync request.
[Tue Feb 24 02:32:12 EST 2026] No pending sync request.
[Tue Feb 24 02:32:43 EST 2026] No pending sync request.
[Tue Feb 24 02:33:13 EST 2026] No pending sync request.
[Tue Feb 24 02:33:43 EST 2026] No pending sync request.
[Tue Feb 24 02:34:13 EST 2026] No pending sync request.
[Tue Feb 24 02:34:43 EST 2026] No pending sync request.
[Tue Feb 24 02:35:13 EST 2026] No pending sync request.
[Tue Feb 24 02:35:44 EST 2026] No pending sync request.
[Tue Feb 24 02:36:14 EST 2026] No pending sync request.
[Tue Feb 24 02:36:44 EST 2026] No pending sync request.
[Tue Feb 24 02:37:14 EST 2026] No pending sync request.
[Tue Feb 24 02:37:44 EST 2026] No pending sync request.
[Tue Feb 24 02:38:15 EST 2026] No pending sync request.
[Tue Feb 24 02:38:45 EST 2026] No pending sync request.
[Tue Feb 24 02:39:15 EST 2026] No pending sync request.
[Tue Feb 24 02:39:45 EST 2026] No pending sync request.
[Tue Feb 24 02:40:15 EST 2026] No pending sync request.
[Tue Feb 24 02:40:46 EST 2026] No pending sync request.
[Tue Feb 24 02:41:16 EST 2026] No pending sync request.
[Tue Feb 24 02:41:46 EST 2026] No pending sync request.
[Tue Feb 24 02:42:16 EST 2026] No pending sync request.
[Tue Feb 24 02:42:46 EST 2026] No pending sync request.
[Tue Feb 24 02:43:17 EST 2026] No pending sync request.
[Tue Feb 24 02:43:47 EST 2026] No pending sync request.
[Tue Feb 24 02:44:17 EST 2026] No pending sync request.
[Tue Feb 24 02:44:47 EST 2026] No pending sync request.
[Tue Feb 24 02:45:17 EST 2026] No pending sync request.
[Tue Feb 24 02:45:48 EST 2026] No pending sync request.
[Tue Feb 24 02:46:18 EST 2026] No pending sync request.
[Tue Feb 24 02:46:48 EST 2026] No pending sync request.
[Tue Feb 24 02:47:18 EST 2026] No pending sync request.
[Tue Feb 24 02:47:48 EST 2026] No pending sync request.
[Tue Feb 24 02:48:19 EST 2026] No pending sync request.
[Tue Feb 24 02:48:49 EST 2026] No pending sync request.
[Tue Feb 24 02:49:19 EST 2026] No pending sync request.
[Tue Feb 24 02:49:49 EST 2026] No pending sync request.
[Tue Feb 24 02:50:19 EST 2026] No pending sync request.
[Tue Feb 24 02:50:49 EST 2026] No pending sync request.
[Tue Feb 24 02:51:20 EST 2026] No pending sync request.
[Tue Feb 24 02:51:50 EST 2026] No pending sync request.
[Tue Feb 24 02:52:20 EST 2026] No pending sync request.
[Tue Feb 24 02:52:50 EST 2026] No pending sync request.
[Tue Feb 24 02:53:20 EST 2026] No pending sync request.
[Tue Feb 24 02:53:51 EST 2026] No pending sync request.
[Tue Feb 24 02:54:21 EST 2026] No pending sync request.
[Tue Feb 24 02:54:51 EST 2026] No pending sync request.
[Tue Feb 24 02:55:21 EST 2026] No pending sync request.
[Tue Feb 24 02:55:52 EST 2026] No pending sync request.
[Tue Feb 24 02:56:22 EST 2026] No pending sync request.
[Tue Feb 24 02:56:52 EST 2026] No pending sync request.
[Tue Feb 24 02:57:22 EST 2026] No pending sync request.
[Tue Feb 24 02:57:52 EST 2026] No pending sync request.
[Tue Feb 24 02:58:23 EST 2026] No pending sync request.
[Tue Feb 24 02:58:53 EST 2026] No pending sync request.
[Tue Feb 24 02:59:23 EST 2026] No pending sync request.
[Tue Feb 24 02:59:53 EST 2026] No pending sync request.
[Tue Feb 24 03:00:23 EST 2026] No pending sync request.
[Tue Feb 24 03:00:54 EST 2026] No pending sync request.
[Tue Feb 24 03:01:24 EST 2026] No pending sync request.
[Tue Feb 24 03:01:54 EST 2026] No pending sync request.
[Tue Feb 24 03:02:24 EST 2026] No pending sync request.
[Tue Feb 24 03:02:54 EST 2026] No pending sync request.
[Tue Feb 24 03:03:24 EST 2026] No pending sync request.
[Tue Feb 24 03:03:55 EST 2026] No pending sync request.
[Tue Feb 24 03:04:25 EST 2026] No pending sync request.
[Tue Feb 24 03:04:55 EST 2026] No pending sync request.
[Tue Feb 24 03:05:25 EST 2026] No pending sync request.
[Tue Feb 24 03:05:56 EST 2026] No pending sync request.
[Tue Feb 24 03:06:26 EST 2026] No pending sync request.
[Tue Feb 24 03:06:56 EST 2026] No pending sync request.
[Tue Feb 24 03:07:26 EST 2026] No pending sync request.
[Tue Feb 24 03:07:56 EST 2026] No pending sync request.
[Tue Feb 24 03:08:27 EST 2026] No pending sync request.
[Tue Feb 24 03:08:57 EST 2026] No pending sync request.
[Tue Feb 24 03:09:27 EST 2026] No pending sync request.
[Tue Feb 24 03:09:57 EST 2026] No pending sync request.
[Tue Feb 24 03:10:28 EST 2026] No pending sync request.
[Tue Feb 24 03:10:58 EST 2026] No pending sync request.
[Tue Feb 24 03:11:28 EST 2026] No pending sync request.
[Tue Feb 24 03:11:58 EST 2026] No pending sync request.
[Tue Feb 24 03:12:28 EST 2026] No pending sync request.
[Tue Feb 24 03:12:59 EST 2026] No pending sync request.
[Tue Feb 24 03:13:29 EST 2026] No pending sync request.
[Tue Feb 24 03:13:59 EST 2026] No pending sync request.
[Tue Feb 24 03:14:29 EST 2026] No pending sync request.
[Tue Feb 24 03:14:59 EST 2026] No pending sync request.
[Tue Feb 24 03:15:30 EST 2026] No pending sync request.
[Tue Feb 24 03:16:00 EST 2026] No pending sync request.
[Tue Feb 24 03:16:30 EST 2026] No pending sync request.
[Tue Feb 24 03:17:00 EST 2026] No pending sync request.
[Tue Feb 24 03:17:30 EST 2026] No pending sync request.
[Tue Feb 24 03:18:00 EST 2026] No pending sync request.
[Tue Feb 24 03:18:31 EST 2026] No pending sync request.
[Tue Feb 24 03:19:01 EST 2026] No pending sync request.
[Tue Feb 24 03:19:31 EST 2026] No pending sync request.
[Tue Feb 24 03:20:01 EST 2026] No pending sync request.
[Tue Feb 24 03:20:31 EST 2026] No pending sync request.
[Tue Feb 24 03:21:02 EST 2026] No pending sync request.
[Tue Feb 24 03:21:32 EST 2026] No pending sync request.
[Tue Feb 24 03:22:02 EST 2026] No pending sync request.
[Tue Feb 24 03:22:32 EST 2026] No pending sync request.
[Tue Feb 24 03:23:02 EST 2026] No pending sync request.
[Tue Feb 24 03:23:33 EST 2026] No pending sync request.
[Tue Feb 24 03:24:03 EST 2026] No pending sync request.
[Tue Feb 24 03:24:33 EST 2026] No pending sync request.
[Tue Feb 24 03:25:03 EST 2026] No pending sync request.
[Tue Feb 24 03:25:33 EST 2026] No pending sync request.
[Tue Feb 24 03:26:04 EST 2026] No pending sync request.
[Tue Feb 24 03:26:34 EST 2026] No pending sync request.
[Tue Feb 24 03:27:04 EST 2026] No pending sync request.
[Tue Feb 24 03:27:34 EST 2026] No pending sync request.
[Tue Feb 24 03:28:04 EST 2026] No pending sync request.
[Tue Feb 24 03:28:35 EST 2026] No pending sync request.
[Tue Feb 24 03:29:05 EST 2026] No pending sync request.
[Tue Feb 24 03:29:35 EST 2026] No pending sync request.
[Tue Feb 24 03:30:05 EST 2026] No pending sync request.
[Tue Feb 24 03:30:35 EST 2026] No pending sync request.
[Tue Feb 24 03:31:05 EST 2026] No pending sync request.
[Tue Feb 24 03:31:36 EST 2026] No pending sync request.
[Tue Feb 24 03:32:06 EST 2026] No pending sync request.
[Tue Feb 24 03:32:36 EST 2026] No pending sync request.
[Tue Feb 24 03:33:06 EST 2026] No pending sync request.
[Tue Feb 24 03:33:36 EST 2026] No pending sync request.
[Tue Feb 24 03:34:07 EST 2026] No pending sync request.
[Tue Feb 24 03:34:37 EST 2026] No pending sync request.
[Tue Feb 24 03:35:07 EST 2026] No pending sync request.
[Tue Feb 24 03:35:37 EST 2026] No pending sync request.
[Tue Feb 24 03:36:07 EST 2026] No pending sync request.
[Tue Feb 24 03:36:38 EST 2026] No pending sync request.
[Tue Feb 24 03:37:08 EST 2026] No pending sync request.
[Tue Feb 24 03:37:38 EST 2026] No pending sync request.
[Tue Feb 24 03:38:08 EST 2026] No pending sync request.
[Tue Feb 24 03:38:38 EST 2026] No pending sync request.
[Tue Feb 24 03:39:09 EST 2026] No pending sync request.
[Tue Feb 24 03:39:39 EST 2026] No pending sync request.
[Tue Feb 24 03:40:09 EST 2026] No pending sync request.
[Tue Feb 24 03:40:39 EST 2026] No pending sync request.
[Tue Feb 24 03:41:09 EST 2026] No pending sync request.
[Tue Feb 24 03:41:39 EST 2026] No pending sync request.
[Tue Feb 24 03:42:10 EST 2026] No pending sync request.
[Tue Feb 24 03:42:40 EST 2026] No pending sync request.
[Tue Feb 24 03:43:10 EST 2026] No pending sync request.
[Tue Feb 24 03:43:40 EST 2026] No pending sync request.
[Tue Feb 24 03:44:10 EST 2026] No pending sync request.
[Tue Feb 24 03:44:41 EST 2026] No pending sync request.
[Tue Feb 24 03:45:11 EST 2026] No pending sync request.
[Tue Feb 24 03:45:41 EST 2026] No pending sync request.
[Tue Feb 24 03:46:12 EST 2026] No pending sync request.
[Tue Feb 24 03:46:42 EST 2026] No pending sync request.
[Tue Feb 24 03:47:12 EST 2026] No pending sync request.
[Tue Feb 24 03:47:42 EST 2026] No pending sync request.
[Tue Feb 24 03:48:13 EST 2026] Pending sync request found — running sync...
🚀 Mission Control Sync — 2/24/2026, 3:48:13 AM
   Target: https://first-ram-850.convex.site
   🔔 Dashboard-requested sync (requested at 3:48:07 AM)
  📂 Loaded 42 sessions from dump

🤖 Syncing agents...
  ✅ Anago (idle, 7 today, $0.08 today)
  ✅ IQ (idle, 0 today, $0.00 today)
  ✅ Mako (active, 0 today, $0.00 today)
  ✅ GreenSea (idle, 0 today, $0.00 today)
  ✅ Uni (idle, 0 today, $0.00 today)

⏰ Syncing cron jobs...
  ✅ 41 cron jobs synced

📡 Syncing sessions + costs...
  ✅ 42 sessions synced with cost data
  💰 Actual total cost across sessions: $0.40

📝 Syncing tasks from workspace...
  ✅ 14 tasks from TODO.md synced
  ✅ 29 total tasks synced (TODO.md + tasks/)

📋 Syncing recent activity...
  ✅ 35 new activity entries synced

🦈 Syncing Mako scalper trades...
  ℹ️  No new trades to sync
  ✅ 5 previously-pending trade(s) updated
  ✅ Status synced: active (live), 5 trades, 100.0% WR
  ✅ 1 daily PnL records synced

🪸 Syncing Uni Kalshi trading...
  ✅ Uni status synced: idle, $518.76 balance, 0 trades

🧠 Syncing memory files...
  ✅ memory/2026-02-24.md
  ✅ 1 files synced, 18 unchanged

✅ Sync complete!
[Tue Feb 24 03:48:27 EST 2026] Sync complete.
[Tue Feb 24 03:48:57 EST 2026] No pending sync request.
[Tue Feb 24 03:49:27 EST 2026] No pending sync request.
[Tue Feb 24 03:49:57 EST 2026] No pending sync request.
[Tue Feb 24 03:50:28 EST 2026] No pending sync request.
[Tue Feb 24 03:50:58 EST 2026] No pending sync request.
[Tue Feb 24 03:51:28 EST 2026] No pending sync request.
[Tue Feb 24 03:51:58 EST 2026] No pending sync request.
[Tue Feb 24 03:52:28 EST 2026] No pending sync request.
[Tue Feb 24 03:52:59 EST 2026] No pending sync request.
[Tue Feb 24 03:53:29 EST 2026] No pending sync request.
[Tue Feb 24 03:53:59 EST 2026] No pending sync request.
[Tue Feb 24 03:54:29 EST 2026] No pending sync request.
[Tue Feb 24 03:54:59 EST 2026] No pending sync request.
[Tue Feb 24 03:55:29 EST 2026] No pending sync request.
[Tue Feb 24 03:56:00 EST 2026] No pending sync request.
[Tue Feb 24 03:56:30 EST 2026] No pending sync request.
[Tue Feb 24 03:57:00 EST 2026] No pending sync request.
[Tue Feb 24 03:57:30 EST 2026] No pending sync request.
[Tue Feb 24 03:58:00 EST 2026] No pending sync request.
[Tue Feb 24 03:58:31 EST 2026] No pending sync request.
[Tue Feb 24 03:59:01 EST 2026] No pending sync request.
[Tue Feb 24 03:59:31 EST 2026] No pending sync request.
[Tue Feb 24 04:00:01 EST 2026] No pending sync request.
[Tue Feb 24 04:00:31 EST 2026] No pending sync request.
[Tue Feb 24 04:01:02 EST 2026] No pending sync request.
[Tue Feb 24 04:01:32 EST 2026] No pending sync request.
[Tue Feb 24 04:02:02 EST 2026] No pending sync request.
[Tue Feb 24 04:02:32 EST 2026] No pending sync request.
[Tue Feb 24 04:03:02 EST 2026] No pending sync request.
[Tue Feb 24 04:03:33 EST 2026] No pending sync request.
[Tue Feb 24 04:04:03 EST 2026] No pending sync request.
[Tue Feb 24 04:04:33 EST 2026] No pending sync request.
[Tue Feb 24 04:05:03 EST 2026] No pending sync request.
[Tue Feb 24 04:05:34 EST 2026] No pending sync request.
[Tue Feb 24 04:06:04 EST 2026] No pending sync request.
[Tue Feb 24 04:06:34 EST 2026] No pending sync request.
[Tue Feb 24 04:07:04 EST 2026] No pending sync request.
[Tue Feb 24 04:07:34 EST 2026] No pending sync request.
[Tue Feb 24 04:08:05 EST 2026] No pending sync request.
[Tue Feb 24 04:08:35 EST 2026] No pending sync request.
[Tue Feb 24 04:09:05 EST 2026] No pending sync request.
[Tue Feb 24 04:09:35 EST 2026] No pending sync request.
[Tue Feb 24 04:10:06 EST 2026] No pending sync request.
[Tue Feb 24 04:10:36 EST 2026] No pending sync request.
[Tue Feb 24 04:11:06 EST 2026] No pending sync request.
[Tue Feb 24 04:11:36 EST 2026] No pending sync request.
[Tue Feb 24 04:12:06 EST 2026] No pending sync request.
[Tue Feb 24 04:12:37 EST 2026] No pending sync request.
[Tue Feb 24 04:13:07 EST 2026] No pending sync request.
[Tue Feb 24 04:13:37 EST 2026] No pending sync request.
[Tue Feb 24 04:14:07 EST 2026] No pending sync request.
[Tue Feb 24 04:14:37 EST 2026] No pending sync request.
[Tue Feb 24 04:15:08 EST 2026] No pending sync request.
[Tue Feb 24 04:15:38 EST 2026] No pending sync request.
[Tue Feb 24 04:16:08 EST 2026] No pending sync request.
[Tue Feb 24 04:16:38 EST 2026] No pending sync request.
[Tue Feb 24 04:17:09 EST 2026] No pending sync request.
[Tue Feb 24 04:17:39 EST 2026] No pending sync request.
[Tue Feb 24 04:18:09 EST 2026] No pending sync request.
[Tue Feb 24 04:18:39 EST 2026] No pending sync request.
[Tue Feb 24 04:19:09 EST 2026] No pending sync request.
[Tue Feb 24 04:19:40 EST 2026] No pending sync request.
[Tue Feb 24 04:20:10 EST 2026] No pending sync request.
[Tue Feb 24 04:20:40 EST 2026] No pending sync request.
[Tue Feb 24 04:21:10 EST 2026] No pending sync request.
[Tue Feb 24 04:21:40 EST 2026] No pending sync request.
[Tue Feb 24 04:22:10 EST 2026] No pending sync request.
[Tue Feb 24 04:22:41 EST 2026] No pending sync request.
[Tue Feb 24 04:23:11 EST 2026] No pending sync request.
[Tue Feb 24 04:23:41 EST 2026] No pending sync request.
[Tue Feb 24 04:24:11 EST 2026] No pending sync request.
[Tue Feb 24 04:24:41 EST 2026] No pending sync request.
[Tue Feb 24 04:25:12 EST 2026] No pending sync request.
[Tue Feb 24 04:25:42 EST 2026] No pending sync request.
[Tue Feb 24 04:26:12 EST 2026] No pending sync request.
[Tue Feb 24 04:26:42 EST 2026] No pending sync request.
[Tue Feb 24 04:27:12 EST 2026] No pending sync request.
[Tue Feb 24 04:27:43 EST 2026] No pending sync request.
[Tue Feb 24 04:28:13 EST 2026] No pending sync request.
[Tue Feb 24 04:28:43 EST 2026] No pending sync request.
[Tue Feb 24 04:29:13 EST 2026] No pending sync request.
[Tue Feb 24 04:29:44 EST 2026] No pending sync request.
[Tue Feb 24 04:30:14 EST 2026] No pending sync request.
[Tue Feb 24 04:30:44 EST 2026] No pending sync request.
[Tue Feb 24 04:31:14 EST 2026] No pending sync request.
[Tue Feb 24 04:31:44 EST 2026] No pending sync request.
[Tue Feb 24 04:32:15 EST 2026] No pending sync request.
[Tue Feb 24 04:32:45 EST 2026] No pending sync request.
[Tue Feb 24 04:33:15 EST 2026] No pending sync request.
[Tue Feb 24 04:33:45 EST 2026] No pending sync request.
[Tue Feb 24 04:34:15 EST 2026] No pending sync request.
[Tue Feb 24 04:34:46 EST 2026] No pending sync request.
[Tue Feb 24 04:35:16 EST 2026] No pending sync request.
[Tue Feb 24 04:35:46 EST 2026] No pending sync request.
[Tue Feb 24 04:36:16 EST 2026] No pending sync request.
[Tue Feb 24 04:36:46 EST 2026] No pending sync request.
[Tue Feb 24 04:37:16 EST 2026] No pending sync request.
[Tue Feb 24 04:37:47 EST 2026] No pending sync request.
[Tue Feb 24 04:38:17 EST 2026] No pending sync request.
[Tue Feb 24 04:38:47 EST 2026] No pending sync request.
[Tue Feb 24 04:39:17 EST 2026] No pending sync request.
[Tue Feb 24 04:39:48 EST 2026] No pending sync request.
[Tue Feb 24 04:40:18 EST 2026] No pending sync request.
[Tue Feb 24 04:40:48 EST 2026] No pending sync request.
[Tue Feb 24 04:41:18 EST 2026] No pending sync request.
[Tue Feb 24 04:41:48 EST 2026] No pending sync request.
[Tue Feb 24 04:42:19 EST 2026] No pending sync request.
[Tue Feb 24 04:42:49 EST 2026] No pending sync request.
[Tue Feb 24 04:43:19 EST 2026] No pending sync request.
[Tue Feb 24 04:43:49 EST 2026] No pending sync request.
[Tue Feb 24 04:44:19 EST 2026] No pending sync request.
[Tue Feb 24 04:44:49 EST 2026] No pending sync request.
[Tue Feb 24 04:45:20 EST 2026] No pending sync request.
[Tue Feb 24 04:45:50 EST 2026] No pending sync request.
[Tue Feb 24 04:46:20 EST 2026] No pending sync request.
[Tue Feb 24 04:46:50 EST 2026] No pending sync request.
[Tue Feb 24 04:47:21 EST 2026] No pending sync request.
[Tue Feb 24 04:47:51 EST 2026] No pending sync request.
[Tue Feb 24 04:48:21 EST 2026] No pending sync request.
[Tue Feb 24 04:48:52 EST 2026] No pending sync request.
[Tue Feb 24 04:49:22 EST 2026] No pending sync request.
[Tue Feb 24 04:49:52 EST 2026] No pending sync request.
[Tue Feb 24 04:50:22 EST 2026] No pending sync request.
[Tue Feb 24 04:50:52 EST 2026] No pending sync request.
[Tue Feb 24 04:51:23 EST 2026] No pending sync request.
[Tue Feb 24 04:51:53 EST 2026] No pending sync request.
[Tue Feb 24 04:52:23 EST 2026] No pending sync request.
[Tue Feb 24 04:52:53 EST 2026] No pending sync request.
[Tue Feb 24 04:53:23 EST 2026] No pending sync request.
[Tue Feb 24 04:53:54 EST 2026] No pending sync request.
[Tue Feb 24 04:54:24 EST 2026] No pending sync request.
[Tue Feb 24 04:54:54 EST 2026] No pending sync request.
[Tue Feb 24 04:55:24 EST 2026] No pending sync request.
[Tue Feb 24 04:55:54 EST 2026] No pending sync request.
[Tue Feb 24 04:56:25 EST 2026] No pending sync request.
[Tue Feb 24 04:56:55 EST 2026] No pending sync request.
[Tue Feb 24 04:57:25 EST 2026] No pending sync request.
[Tue Feb 24 04:57:55 EST 2026] No pending sync request.
[Tue Feb 24 04:58:25 EST 2026] No pending sync request.
[Tue Feb 24 04:58:55 EST 2026] No pending sync request.
[Tue Feb 24 04:59:26 EST 2026] No pending sync request.
[Tue Feb 24 04:59:56 EST 2026] No pending sync request.
[Tue Feb 24 05:00:26 EST 2026] No pending sync request.
[Tue Feb 24 05:00:57 EST 2026] No pending sync request.
[Tue Feb 24 05:01:27 EST 2026] No pending sync request.
[Tue Feb 24 05:01:57 EST 2026] No pending sync request.
[Tue Feb 24 05:02:27 EST 2026] No pending sync request.
[Tue Feb 24 05:02:57 EST 2026] No pending sync request.
[Tue Feb 24 05:03:27 EST 2026] No pending sync request.
[Tue Feb 24 05:03:58 EST 2026] No pending sync request.
[Tue Feb 24 05:04:28 EST 2026] No pending sync request.
[Tue Feb 24 05:04:58 EST 2026] No pending sync request.
[Tue Feb 24 05:05:28 EST 2026] No pending sync request.
[Tue Feb 24 05:05:58 EST 2026] No pending sync request.
[Tue Feb 24 05:06:29 EST 2026] No pending sync request.
[Tue Feb 24 05:06:59 EST 2026] No pending sync request.
[Tue Feb 24 05:07:29 EST 2026] No pending sync request.
[Tue Feb 24 05:07:59 EST 2026] No pending sync request.
[Tue Feb 24 05:08:29 EST 2026] No pending sync request.
[Tue Feb 24 05:09:00 EST 2026] No pending sync request.
[Tue Feb 24 05:09:30 EST 2026] No pending sync request.
[Tue Feb 24 05:10:00 EST 2026] No pending sync request.
[Tue Feb 24 05:10:30 EST 2026] No pending sync request.
[Tue Feb 24 05:11:00 EST 2026] No pending sync request.
[Tue Feb 24 05:11:31 EST 2026] No pending sync request.
[Tue Feb 24 05:12:01 EST 2026] No pending sync request.
[Tue Feb 24 05:12:31 EST 2026] No pending sync request.
[Tue Feb 24 05:13:01 EST 2026] No pending sync request.
[Tue Feb 24 05:13:31 EST 2026] No pending sync request.
[Tue Feb 24 05:14:02 EST 2026] No pending sync request.
[Tue Feb 24 05:14:32 EST 2026] No pending sync request.
[Tue Feb 24 05:15:02 EST 2026] No pending sync request.
[Tue Feb 24 05:15:32 EST 2026] No pending sync request.
[Tue Feb 24 05:16:02 EST 2026] No pending sync request.
[Tue Feb 24 05:16:33 EST 2026] No pending sync request.
[Tue Feb 24 05:17:03 EST 2026] No pending sync request.
[Tue Feb 24 05:17:33 EST 2026] No pending sync request.
[Tue Feb 24 05:18:03 EST 2026] No pending sync request.
[Tue Feb 24 05:18:33 EST 2026] No pending sync request.
[Tue Feb 24 05:19:04 EST 2026] No pending sync request.
[Tue Feb 24 05:19:34 EST 2026] No pending sync request.
[Tue Feb 24 05:20:04 EST 2026] No pending sync request.
[Tue Feb 24 05:20:34 EST 2026] No pending sync request.
[Tue Feb 24 05:21:04 EST 2026] No pending sync request.
[Tue Feb 24 05:21:35 EST 2026] No pending sync request.
[Tue Feb 24 05:22:05 EST 2026] No pending sync request.
[Tue Feb 24 05:22:35 EST 2026] No pending sync request.
[Tue Feb 24 05:23:05 EST 2026] No pending sync request.
[Tue Feb 24 05:23:35 EST 2026] No pending sync request.
[Tue Feb 24 05:24:06 EST 2026] No pending sync request.
[Tue Feb 24 05:24:36 EST 2026] No pending sync request.
[Tue Feb 24 05:25:06 EST 2026] No pending sync request.
[Tue Feb 24 05:25:36 EST 2026] No pending sync request.
[Tue Feb 24 05:26:06 EST 2026] No pending sync request.
[Tue Feb 24 05:26:37 EST 2026] No pending sync request.
[Tue Feb 24 05:27:07 EST 2026] No pending sync request.
[Tue Feb 24 05:27:37 EST 2026] No pending sync request.
[Tue Feb 24 05:28:07 EST 2026] No pending sync request.
[Tue Feb 24 05:28:37 EST 2026] No pending sync request.
[Tue Feb 24 05:29:07 EST 2026] No pending sync request.
[Tue Feb 24 05:29:38 EST 2026] No pending sync request.
[Tue Feb 24 05:30:08 EST 2026] No pending sync request.
[Tue Feb 24 05:30:38 EST 2026] No pending sync request.
[Tue Feb 24 05:31:08 EST 2026] No pending sync request.
[Tue Feb 24 05:31:38 EST 2026] No pending sync request.
[Tue Feb 24 05:32:09 EST 2026] No pending sync request.
[Tue Feb 24 05:32:39 EST 2026] No pending sync request.
[Tue Feb 24 05:33:09 EST 2026] No pending sync request.
[Tue Feb 24 05:33:39 EST 2026] No pending sync request.
[Tue Feb 24 05:34:09 EST 2026] No pending sync request.
[Tue Feb 24 05:34:40 EST 2026] No pending sync request.
[Tue Feb 24 05:35:10 EST 2026] No pending sync request.
[Tue Feb 24 05:35:40 EST 2026] No pending sync request.
[Tue Feb 24 05:36:10 EST 2026] No pending sync request.
[Tue Feb 24 05:36:40 EST 2026] No pending sync request.
[Tue Feb 24 05:37:11 EST 2026] No pending sync request.
[Tue Feb 24 05:37:41 EST 2026] No pending sync request.
[Tue Feb 24 05:38:11 EST 2026] No pending sync request.
[Tue Feb 24 05:38:41 EST 2026] No pending sync request.
[Tue Feb 24 05:39:11 EST 2026] No pending sync request.
[Tue Feb 24 05:39:42 EST 2026] No pending sync request.
[Tue Feb 24 05:40:12 EST 2026] No pending sync request.
[Tue Feb 24 05:40:42 EST 2026] No pending sync request.
[Tue Feb 24 05:41:12 EST 2026] No pending sync request.
[Tue Feb 24 05:41:42 EST 2026] No pending sync request.
[Tue Feb 24 05:42:13 EST 2026] No pending sync request.
[Tue Feb 24 05:42:43 EST 2026] No pending sync request.
[Tue Feb 24 05:43:13 EST 2026] No pending sync request.
[Tue Feb 24 05:43:43 EST 2026] No pending sync request.
[Tue Feb 24 05:44:13 EST 2026] No pending sync request.
[Tue Feb 24 05:44:44 EST 2026] No pending sync request.
[Tue Feb 24 05:45:14 EST 2026] No pending sync request.
[Tue Feb 24 05:45:44 EST 2026] No pending sync request.
[Tue Feb 24 05:46:14 EST 2026] No pending sync request.
[Tue Feb 24 05:46:44 EST 2026] No pending sync request.
[Tue Feb 24 05:47:15 EST 2026] No pending sync request.
[Tue Feb 24 05:47:45 EST 2026] No pending sync request.
[Tue Feb 24 05:48:15 EST 2026] No pending sync request.
[Tue Feb 24 05:48:45 EST 2026] No pending sync request.
[Tue Feb 24 05:49:15 EST 2026] No pending sync request.
[Tue Feb 24 05:49:46 EST 2026] No pending sync request.
[Tue Feb 24 05:50:16 EST 2026] No pending sync request.
[Tue Feb 24 05:50:46 EST 2026] No pending sync request.
[Tue Feb 24 05:51:16 EST 2026] No pending sync request.
[Tue Feb 24 05:51:46 EST 2026] No pending sync request.
[Tue Feb 24 05:52:17 EST 2026] No pending sync request.
[Tue Feb 24 05:52:47 EST 2026] No pending sync request.
[Tue Feb 24 05:53:17 EST 2026] No pending sync request.
[Tue Feb 24 05:53:47 EST 2026] No pending sync request.
[Tue Feb 24 05:54:17 EST 2026] No pending sync request.
[Tue Feb 24 05:54:48 EST 2026] No pending sync request.
[Tue Feb 24 05:55:18 EST 2026] No pending sync request.
[Tue Feb 24 05:55:48 EST 2026] No pending sync request.
[Tue Feb 24 05:56:18 EST 2026] No pending sync request.
[Tue Feb 24 05:56:48 EST 2026] No pending sync request.
[Tue Feb 24 05:57:19 EST 2026] No pending sync request.
[Tue Feb 24 05:57:49 EST 2026] No pending sync request.
[Tue Feb 24 05:58:19 EST 2026] No pending sync request.
[Tue Feb 24 05:58:49 EST 2026] No pending sync request.
[Tue Feb 24 05:59:19 EST 2026] No pending sync request.
[Tue Feb 24 05:59:49 EST 2026] No pending sync request.
[Tue Feb 24 06:00:20 EST 2026] No pending sync request.
[Tue Feb 24 06:00:50 EST 2026] No pending sync request.
[Tue Feb 24 06:01:20 EST 2026] No pending sync request.
[Tue Feb 24 06:01:50 EST 2026] No pending sync request.
[Tue Feb 24 06:02:21 EST 2026] No pending sync request.
[Tue Feb 24 06:02:51 EST 2026] No pending sync request.
[Tue Feb 24 06:03:21 EST 2026] No pending sync request.
[Tue Feb 24 06:03:51 EST 2026] No pending sync request.
[Tue Feb 24 06:04:21 EST 2026] No pending sync request.
[Tue Feb 24 06:04:52 EST 2026] No pending sync request.
[Tue Feb 24 06:05:22 EST 2026] No pending sync request.
[Tue Feb 24 06:05:52 EST 2026] No pending sync request.
[Tue Feb 24 06:06:22 EST 2026] No pending sync request.
[Tue Feb 24 06:06:52 EST 2026] No pending sync request.
[Tue Feb 24 06:07:22 EST 2026] No pending sync request.
[Tue Feb 24 06:07:53 EST 2026] No pending sync request.
[Tue Feb 24 06:08:23 EST 2026] No pending sync request.
[Tue Feb 24 06:08:53 EST 2026] No pending sync request.
[Tue Feb 24 06:09:23 EST 2026] No pending sync request.
[Tue Feb 24 06:09:54 EST 2026] No pending sync request.
[Tue Feb 24 06:10:24 EST 2026] No pending sync request.
[Tue Feb 24 06:10:54 EST 2026] No pending sync request.
[Tue Feb 24 06:11:24 EST 2026] No pending sync request.
[Tue Feb 24 06:11:54 EST 2026] No pending sync request.
[Tue Feb 24 06:12:25 EST 2026] No pending sync request.
[Tue Feb 24 06:12:55 EST 2026] No pending sync request.
[Tue Feb 24 06:13:25 EST 2026] No pending sync request.
[Tue Feb 24 06:13:55 EST 2026] No pending sync request.
[Tue Feb 24 06:14:25 EST 2026] No pending sync request.
[Tue Feb 24 06:14:56 EST 2026] No pending sync request.
[Tue Feb 24 06:15:26 EST 2026] No pending sync request.
[Tue Feb 24 06:15:56 EST 2026] No pending sync request.
[Tue Feb 24 06:16:26 EST 2026] No pending sync request.
[Tue Feb 24 06:16:56 EST 2026] No pending sync request.
[Tue Feb 24 06:17:27 EST 2026] No pending sync request.
[Tue Feb 24 06:17:57 EST 2026] No pending sync request.
[Tue Feb 24 06:18:27 EST 2026] No pending sync request.
[Tue Feb 24 06:18:57 EST 2026] No pending sync request.
[Tue Feb 24 06:19:27 EST 2026] No pending sync request.
[Tue Feb 24 06:19:58 EST 2026] No pending sync request.
[Tue Feb 24 06:20:28 EST 2026] No pending sync request.
[Tue Feb 24 06:20:58 EST 2026] No pending sync request.
[Tue Feb 24 06:21:28 EST 2026] No pending sync request.
[Tue Feb 24 06:21:58 EST 2026] No pending sync request.
[Tue Feb 24 06:22:29 EST 2026] No pending sync request.
[Tue Feb 24 06:22:59 EST 2026] No pending sync request.
[Tue Feb 24 06:23:29 EST 2026] No pending sync request.
[Tue Feb 24 06:23:59 EST 2026] No pending sync request.
[Tue Feb 24 06:24:29 EST 2026] No pending sync request.
[Tue Feb 24 06:24:59 EST 2026] No pending sync request.
[Tue Feb 24 06:25:30 EST 2026] No pending sync request.
[Tue Feb 24 06:26:00 EST 2026] No pending sync request.
[Tue Feb 24 06:26:30 EST 2026] No pending sync request.
[Tue Feb 24 06:27:00 EST 2026] No pending sync request.
[Tue Feb 24 06:27:30 EST 2026] No pending sync request.
[Tue Feb 24 06:28:01 EST 2026] No pending sync request.
[Tue Feb 24 06:28:31 EST 2026] No pending sync request.
[Tue Feb 24 06:29:01 EST 2026] No pending sync request.
[Tue Feb 24 06:29:31 EST 2026] No pending sync request.
[Tue Feb 24 06:30:01 EST 2026] No pending sync request.
[Tue Feb 24 06:30:32 EST 2026] No pending sync request.
[Tue Feb 24 06:31:02 EST 2026] No pending sync request.
[Tue Feb 24 06:31:32 EST 2026] No pending sync request.
[Tue Feb 24 06:32:02 EST 2026] No pending sync request.
[Tue Feb 24 06:32:32 EST 2026] No pending sync request.
[Tue Feb 24 06:33:02 EST 2026] No pending sync request.
[Tue Feb 24 06:33:33 EST 2026] No pending sync request.
[Tue Feb 24 06:34:03 EST 2026] No pending sync request.
[Tue Feb 24 06:34:33 EST 2026] No pending sync request.
[Tue Feb 24 06:35:03 EST 2026] No pending sync request.
[Tue Feb 24 06:35:33 EST 2026] No pending sync request.
[Tue Feb 24 06:36:04 EST 2026] No pending sync request.
[Tue Feb 24 06:36:34 EST 2026] No pending sync request.
[Tue Feb 24 06:37:04 EST 2026] No pending sync request.
[Tue Feb 24 06:37:34 EST 2026] No pending sync request.
[Tue Feb 24 06:38:04 EST 2026] No pending sync request.
[Tue Feb 24 06:38:35 EST 2026] No pending sync request.
[Tue Feb 24 06:39:05 EST 2026] No pending sync request.
[Tue Feb 24 06:39:35 EST 2026] No pending sync request.
[Tue Feb 24 06:40:05 EST 2026] No pending sync request.
[Tue Feb 24 06:40:35 EST 2026] No pending sync request.
[Tue Feb 24 06:41:06 EST 2026] No pending sync request.
[Tue Feb 24 06:41:36 EST 2026] No pending sync request.
[Tue Feb 24 06:42:06 EST 2026] No pending sync request.
[Tue Feb 24 06:42:36 EST 2026] No pending sync request.
[Tue Feb 24 06:43:06 EST 2026] No pending sync request.
[Tue Feb 24 06:43:37 EST 2026] No pending sync request.
[Tue Feb 24 06:44:07 EST 2026] No pending sync request.
[Tue Feb 24 06:44:37 EST 2026] No pending sync request.
[Tue Feb 24 06:45:07 EST 2026] No pending sync request.
[Tue Feb 24 06:45:37 EST 2026] No pending sync request.
[Tue Feb 24 06:46:08 EST 2026] No pending sync request.
[Tue Feb 24 06:46:38 EST 2026] No pending sync request.
[Tue Feb 24 06:47:08 EST 2026] No pending sync request.
[Tue Feb 24 06:47:38 EST 2026] No pending sync request.
[Tue Feb 24 06:48:08 EST 2026] No pending sync request.
[Tue Feb 24 06:48:39 EST 2026] No pending sync request.
[Tue Feb 24 06:49:09 EST 2026] No pending sync request.
[Tue Feb 24 06:49:39 EST 2026] No pending sync request.
[Tue Feb 24 06:50:09 EST 2026] No pending sync request.
[Tue Feb 24 06:50:39 EST 2026] No pending sync request.
[Tue Feb 24 06:51:10 EST 2026] No pending sync request.
[Tue Feb 24 06:51:40 EST 2026] No pending sync request.
[Tue Feb 24 06:52:11 EST 2026] No pending sync request.
[Tue Feb 24 06:52:41 EST 2026] No pending sync request.
[Tue Feb 24 06:53:11 EST 2026] No pending sync request.
[Tue Feb 24 06:53:41 EST 2026] No pending sync request.
[Tue Feb 24 06:54:11 EST 2026] No pending sync request.
[Tue Feb 24 06:54:41 EST 2026] No pending sync request.
[Tue Feb 24 06:55:12 EST 2026] No pending sync request.
[Tue Feb 24 06:55:42 EST 2026] No pending sync request.
[Tue Feb 24 06:56:12 EST 2026] No pending sync request.
[Tue Feb 24 06:56:42 EST 2026] No pending sync request.
[Tue Feb 24 06:57:12 EST 2026] No pending sync request.
[Tue Feb 24 06:57:43 EST 2026] No pending sync request.
[Tue Feb 24 06:58:13 EST 2026] No pending sync request.
[Tue Feb 24 06:58:43 EST 2026] No pending sync request.
[Tue Feb 24 06:59:13 EST 2026] No pending sync request.
[Tue Feb 24 06:59:43 EST 2026] No pending sync request.
[Tue Feb 24 07:00:14 EST 2026] No pending sync request.
[Tue Feb 24 07:00:44 EST 2026] No pending sync request.
[Tue Feb 24 07:01:14 EST 2026] No pending sync request.
[Tue Feb 24 07:01:44 EST 2026] No pending sync request.
[Tue Feb 24 07:02:14 EST 2026] No pending sync request.
[Tue Feb 24 07:02:44 EST 2026] No pending sync request.
[Tue Feb 24 07:03:15 EST 2026] No pending sync request.
[Tue Feb 24 07:03:45 EST 2026] No pending sync request.
[Tue Feb 24 07:04:15 EST 2026] No pending sync request.
[Tue Feb 24 07:04:45 EST 2026] No pending sync request.
[Tue Feb 24 07:05:15 EST 2026] No pending sync request.
[Tue Feb 24 07:05:46 EST 2026] No pending sync request.
[Tue Feb 24 07:06:16 EST 2026] No pending sync request.
[Tue Feb 24 07:06:46 EST 2026] No pending sync request.
[Tue Feb 24 07:07:16 EST 2026] No pending sync request.
[Tue Feb 24 07:07:46 EST 2026] No pending sync request.
[Tue Feb 24 07:08:17 EST 2026] No pending sync request.
[Tue Feb 24 07:08:47 EST 2026] No pending sync request.
[Tue Feb 24 07:09:17 EST 2026] No pending sync request.
[Tue Feb 24 07:09:47 EST 2026] No pending sync request.
[Tue Feb 24 07:10:18 EST 2026] No pending sync request.
[Tue Feb 24 07:10:48 EST 2026] No pending sync request.
[Tue Feb 24 07:11:18 EST 2026] No pending sync request.
[Tue Feb 24 07:11:48 EST 2026] No pending sync request.
[Tue Feb 24 07:12:18 EST 2026] No pending sync request.
[Tue Feb 24 07:12:49 EST 2026] No pending sync request.
[Tue Feb 24 07:13:19 EST 2026] No pending sync request.
[Tue Feb 24 07:13:49 EST 2026] No pending sync request.
[Tue Feb 24 07:14:19 EST 2026] No pending sync request.
[Tue Feb 24 07:14:50 EST 2026] No pending sync request.
[Tue Feb 24 07:15:20 EST 2026] No pending sync request.
[Tue Feb 24 07:15:50 EST 2026] No pending sync request.
[Tue Feb 24 07:16:20 EST 2026] No pending sync request.
[Tue Feb 24 07:16:50 EST 2026] No pending sync request.
[Tue Feb 24 07:17:21 EST 2026] No pending sync request.
[Tue Feb 24 07:17:51 EST 2026] No pending sync request.
[Tue Feb 24 07:18:21 EST 2026] No pending sync request.
[Tue Feb 24 07:18:51 EST 2026] No pending sync request.
[Tue Feb 24 07:19:21 EST 2026] No pending sync request.
[Tue Feb 24 07:19:52 EST 2026] No pending sync request.
[Tue Feb 24 07:20:22 EST 2026] No pending sync request.
[Tue Feb 24 07:20:52 EST 2026] No pending sync request.
[Tue Feb 24 07:21:22 EST 2026] No pending sync request.
[Tue Feb 24 07:21:52 EST 2026] No pending sync request.
[Tue Feb 24 07:22:22 EST 2026] No pending sync request.
[Tue Feb 24 07:22:53 EST 2026] No pending sync request.
[Tue Feb 24 07:23:23 EST 2026] No pending sync request.
[Tue Feb 24 07:23:53 EST 2026] No pending sync request.
[Tue Feb 24 07:24:23 EST 2026] No pending sync request.
[Tue Feb 24 07:24:54 EST 2026] No pending sync request.
[Tue Feb 24 07:25:24 EST 2026] No pending sync request.
[Tue Feb 24 07:25:54 EST 2026] No pending sync request.
[Tue Feb 24 07:26:24 EST 2026] No pending sync request.
[Tue Feb 24 07:26:54 EST 2026] No pending sync request.
[Tue Feb 24 07:27:24 EST 2026] No pending sync request.
[Tue Feb 24 07:27:55 EST 2026] No pending sync request.
[Tue Feb 24 07:28:25 EST 2026] No pending sync request.
[Tue Feb 24 07:28:55 EST 2026] No pending sync request.
[Tue Feb 24 07:29:25 EST 2026] No pending sync request.
[Tue Feb 24 07:29:55 EST 2026] No pending sync request.
[Tue Feb 24 07:30:26 EST 2026] No pending sync request.
[Tue Feb 24 07:30:56 EST 2026] No pending sync request.
[Tue Feb 24 07:31:26 EST 2026] No pending sync request.
[Tue Feb 24 07:31:56 EST 2026] No pending sync request.
[Tue Feb 24 07:32:26 EST 2026] No pending sync request.
[Tue Feb 24 07:32:57 EST 2026] No pending sync request.
[Tue Feb 24 07:33:27 EST 2026] No pending sync request.
[Tue Feb 24 07:33:57 EST 2026] No pending sync request.
[Tue Feb 24 07:34:27 EST 2026] No pending sync request.
[Tue Feb 24 07:34:58 EST 2026] No pending sync request.
[Tue Feb 24 07:35:28 EST 2026] No pending sync request.
[Tue Feb 24 07:35:58 EST 2026] No pending sync request.
[Tue Feb 24 07:36:28 EST 2026] No pending sync request.
[Tue Feb 24 07:36:59 EST 2026] No pending sync request.
[Tue Feb 24 07:37:29 EST 2026] No pending sync request.
[Tue Feb 24 07:37:59 EST 2026] No pending sync request.
[Tue Feb 24 07:38:29 EST 2026] No pending sync request.
[Tue Feb 24 07:38:59 EST 2026] No pending sync request.
[Tue Feb 24 07:39:30 EST 2026] No pending sync request.
[Tue Feb 24 07:40:00 EST 2026] No pending sync request.
[Tue Feb 24 07:40:30 EST 2026] No pending sync request.
[Tue Feb 24 07:41:00 EST 2026] No pending sync request.
[Tue Feb 24 07:41:30 EST 2026] No pending sync request.
[Tue Feb 24 07:42:01 EST 2026] No pending sync request.
[Tue Feb 24 07:42:31 EST 2026] No pending sync request.
[Tue Feb 24 07:43:01 EST 2026] No pending sync request.
[Tue Feb 24 07:43:31 EST 2026] No pending sync request.
[Tue Feb 24 07:44:01 EST 2026] No pending sync request.
[Tue Feb 24 07:44:32 EST 2026] No pending sync request.
[Tue Feb 24 07:45:02 EST 2026] No pending sync request.
[Tue Feb 24 07:45:32 EST 2026] No pending sync request.
[Tue Feb 24 07:46:02 EST 2026] No pending sync request.
[Tue Feb 24 07:46:32 EST 2026] No pending sync request.
[Tue Feb 24 07:47:03 EST 2026] No pending sync request.
[Tue Feb 24 07:47:33 EST 2026] No pending sync request.
[Tue Feb 24 07:48:03 EST 2026] No pending sync request.
[Tue Feb 24 07:48:33 EST 2026] No pending sync request.
[Tue Feb 24 07:49:03 EST 2026] No pending sync request.
[Tue Feb 24 07:49:34 EST 2026] No pending sync request.
[Tue Feb 24 07:50:04 EST 2026] No pending sync request.
[Tue Feb 24 07:50:34 EST 2026] No pending sync request.
[Tue Feb 24 07:51:04 EST 2026] No pending sync request.
[Tue Feb 24 07:51:34 EST 2026] No pending sync request.
[Tue Feb 24 07:52:05 EST 2026] No pending sync request.
[Tue Feb 24 07:52:35 EST 2026] No pending sync request.
[Tue Feb 24 07:53:05 EST 2026] No pending sync request.
[Tue Feb 24 07:53:35 EST 2026] No pending sync request.
[Tue Feb 24 07:54:05 EST 2026] No pending sync request.
[Tue Feb 24 07:54:36 EST 2026] No pending sync request.
[Tue Feb 24 07:55:06 EST 2026] No pending sync request.
[Tue Feb 24 07:55:36 EST 2026] No pending sync request.
[Tue Feb 24 07:56:06 EST 2026] No pending sync request.
[Tue Feb 24 07:56:36 EST 2026] No pending sync request.
[Tue Feb 24 07:57:07 EST 2026] No pending sync request.
[Tue Feb 24 07:57:37 EST 2026] No pending sync request.
[Tue Feb 24 07:58:07 EST 2026] No pending sync request.
[Tue Feb 24 07:58:37 EST 2026] No pending sync request.
[Tue Feb 24 07:59:07 EST 2026] No pending sync request.
[Tue Feb 24 07:59:38 EST 2026] No pending sync request.
[Tue Feb 24 08:00:08 EST 2026] No pending sync request.
[Tue Feb 24 08:00:38 EST 2026] No pending sync request.
[Tue Feb 24 08:01:08 EST 2026] No pending sync request.
[Tue Feb 24 08:01:38 EST 2026] No pending sync request.
[Tue Feb 24 08:02:09 EST 2026] No pending sync request.
[Tue Feb 24 08:02:39 EST 2026] No pending sync request.
[Tue Feb 24 08:03:09 EST 2026] No pending sync request.
[Tue Feb 24 08:03:39 EST 2026] No pending sync request.
[Tue Feb 24 08:04:09 EST 2026] No pending sync request.
[Tue Feb 24 08:04:40 EST 2026] No pending sync request.
[Tue Feb 24 08:05:10 EST 2026] No pending sync request.
[Tue Feb 24 08:05:40 EST 2026] No pending sync request.
[Tue Feb 24 08:06:10 EST 2026] No pending sync request.
[Tue Feb 24 08:06:40 EST 2026] No pending sync request.
[Tue Feb 24 08:07:11 EST 2026] No pending sync request.
[Tue Feb 24 08:07:41 EST 2026] No pending sync request.
[Tue Feb 24 08:08:11 EST 2026] No pending sync request.
[Tue Feb 24 08:08:41 EST 2026] No pending sync request.
[Tue Feb 24 08:09:12 EST 2026] No pending sync request.
[Tue Feb 24 08:09:42 EST 2026] No pending sync request.
[Tue Feb 24 08:10:12 EST 2026] No pending sync request.
[Tue Feb 24 08:10:42 EST 2026] No pending sync request.
[Tue Feb 24 08:11:12 EST 2026] No pending sync request.
[Tue Feb 24 08:11:43 EST 2026] No pending sync request.
[Tue Feb 24 08:12:13 EST 2026] No pending sync request.
[Tue Feb 24 08:12:43 EST 2026] No pending sync request.
[Tue Feb 24 08:13:13 EST 2026] No pending sync request.
[Tue Feb 24 08:13:43 EST 2026] No pending sync request.
[Tue Feb 24 08:14:14 EST 2026] No pending sync request.
[Tue Feb 24 08:14:44 EST 2026] No pending sync request.
[Tue Feb 24 08:15:14 EST 2026] No pending sync request.
[Tue Feb 24 08:15:44 EST 2026] No pending sync request.
[Tue Feb 24 08:16:14 EST 2026] No pending sync request.
[Tue Feb 24 08:16:45 EST 2026] No pending sync request.
[Tue Feb 24 08:17:15 EST 2026] No pending sync request.
[Tue Feb 24 08:17:45 EST 2026] No pending sync request.
[Tue Feb 24 08:18:15 EST 2026] No pending sync request.
[Tue Feb 24 08:18:46 EST 2026] No pending sync request.
[Tue Feb 24 08:19:16 EST 2026] No pending sync request.
[Tue Feb 24 08:19:46 EST 2026] No pending sync request.
[Tue Feb 24 08:20:16 EST 2026] No pending sync request.
[Tue Feb 24 08:20:46 EST 2026] No pending sync request.
[Tue Feb 24 08:21:16 EST 2026] No pending sync request.
[Tue Feb 24 08:21:47 EST 2026] No pending sync request.
[Tue Feb 24 08:22:17 EST 2026] No pending sync request.
[Tue Feb 24 08:22:47 EST 2026] No pending sync request.
[Tue Feb 24 08:23:17 EST 2026] No pending sync request.
[Tue Feb 24 08:23:48 EST 2026] No pending sync request.
[Tue Feb 24 08:24:18 EST 2026] No pending sync request.
[Tue Feb 24 08:24:48 EST 2026] No pending sync request.
[Tue Feb 24 08:25:18 EST 2026] No pending sync request.
[Tue Feb 24 08:25:48 EST 2026] No pending sync request.
[Tue Feb 24 08:26:19 EST 2026] No pending sync request.
[Tue Feb 24 08:26:49 EST 2026] No pending sync request.
[Tue Feb 24 08:27:19 EST 2026] No pending sync request.
[Tue Feb 24 08:27:49 EST 2026] No pending sync request.
[Tue Feb 24 08:28:19 EST 2026] No pending sync request.
[Tue Feb 24 08:28:49 EST 2026] No pending sync request.
[Tue Feb 24 08:29:20 EST 2026] No pending sync request.
[Tue Feb 24 08:29:50 EST 2026] No pending sync request.
[Tue Feb 24 08:30:20 EST 2026] No pending sync request.
[Tue Feb 24 08:30:50 EST 2026] No pending sync request.
[Tue Feb 24 08:31:20 EST 2026] No pending sync request.
[Tue Feb 24 08:31:51 EST 2026] No pending sync request.
[Tue Feb 24 08:32:21 EST 2026] No pending sync request.
[Tue Feb 24 08:32:51 EST 2026] No pending sync request.
[Tue Feb 24 08:33:21 EST 2026] No pending sync request.
[Tue Feb 24 08:33:51 EST 2026] No pending sync request.
[Tue Feb 24 08:34:22 EST 2026] No pending sync request.
[Tue Feb 24 08:34:52 EST 2026] No pending sync request.
[Tue Feb 24 08:35:22 EST 2026] No pending sync request.
[Tue Feb 24 08:35:52 EST 2026] No pending sync request.
[Tue Feb 24 08:36:22 EST 2026] No pending sync request.
[Tue Feb 24 08:36:53 EST 2026] No pending sync request.
[Tue Feb 24 08:37:23 EST 2026] No pending sync request.
[Tue Feb 24 08:37:53 EST 2026] No pending sync request.
[Tue Feb 24 08:38:23 EST 2026] No pending sync request.
[Tue Feb 24 08:38:54 EST 2026] No pending sync request.
[Tue Feb 24 08:39:24 EST 2026] No pending sync request.
[Tue Feb 24 08:39:54 EST 2026] No pending sync request.
[Tue Feb 24 08:40:24 EST 2026] No pending sync request.
[Tue Feb 24 08:40:54 EST 2026] No pending sync request.
[Tue Feb 24 08:41:24 EST 2026] No pending sync request.
[Tue Feb 24 08:41:55 EST 2026] No pending sync request.
[Tue Feb 24 08:42:25 EST 2026] No pending sync request.
[Tue Feb 24 08:42:55 EST 2026] No pending sync request.
[Tue Feb 24 08:43:25 EST 2026] No pending sync request.
[Tue Feb 24 08:43:55 EST 2026] No pending sync request.
[Tue Feb 24 08:44:26 EST 2026] No pending sync request.
[Tue Feb 24 08:44:56 EST 2026] No pending sync request.
[Tue Feb 24 08:45:26 EST 2026] No pending sync request.
[Tue Feb 24 08:45:56 EST 2026] No pending sync request.
[Tue Feb 24 08:46:26 EST 2026] No pending sync request.
[Tue Feb 24 08:46:57 EST 2026] No pending sync request.
[Tue Feb 24 08:47:27 EST 2026] No pending sync request.
[Tue Feb 24 08:47:57 EST 2026] No pending sync request.
[Tue Feb 24 08:48:27 EST 2026] No pending sync request.
[Tue Feb 24 08:48:57 EST 2026] No pending sync request.
[Tue Feb 24 08:49:28 EST 2026] No pending sync request.
[Tue Feb 24 08:49:58 EST 2026] No pending sync request.
[Tue Feb 24 08:50:28 EST 2026] No pending sync request.
[Tue Feb 24 08:50:58 EST 2026] No pending sync request.
[Tue Feb 24 08:51:28 EST 2026] No pending sync request.
[Tue Feb 24 08:51:59 EST 2026] No pending sync request.
[Tue Feb 24 08:52:29 EST 2026] No pending sync request.
[Tue Feb 24 08:52:59 EST 2026] No pending sync request.
[Tue Feb 24 08:53:29 EST 2026] No pending sync request.
[Tue Feb 24 08:53:59 EST 2026] No pending sync request.
[Tue Feb 24 08:54:30 EST 2026] No pending sync request.
[Tue Feb 24 08:55:00 EST 2026] No pending sync request.
[Tue Feb 24 08:55:30 EST 2026] No pending sync request.
[Tue Feb 24 08:56:00 EST 2026] No pending sync request.
[Tue Feb 24 08:56:30 EST 2026] No pending sync request.
[Tue Feb 24 08:57:01 EST 2026] No pending sync request.
[Tue Feb 24 08:57:31 EST 2026] No pending sync request.
[Tue Feb 24 08:58:01 EST 2026] No pending sync request.
[Tue Feb 24 08:58:31 EST 2026] No pending sync request.
[Tue Feb 24 08:59:01 EST 2026] No pending sync request.
[Tue Feb 24 08:59:32 EST 2026] No pending sync request.
[Tue Feb 24 09:00:02 EST 2026] No pending sync request.
[Tue Feb 24 09:00:32 EST 2026] No pending sync request.
[Tue Feb 24 09:01:03 EST 2026] No pending sync request.
[Tue Feb 24 09:01:33 EST 2026] No pending sync request.
[Tue Feb 24 09:02:03 EST 2026] No pending sync request.
[Tue Feb 24 09:02:33 EST 2026] No pending sync request.
[Tue Feb 24 09:03:03 EST 2026] No pending sync request.
[Tue Feb 24 09:03:34 EST 2026] No pending sync request.
[Tue Feb 24 09:04:04 EST 2026] No pending sync request.
[Tue Feb 24 09:04:34 EST 2026] No pending sync request.
[Tue Feb 24 09:05:04 EST 2026] No pending sync request.
[Tue Feb 24 09:05:34 EST 2026] No pending sync request.
[Tue Feb 24 09:06:05 EST 2026] No pending sync request.
[Tue Feb 24 09:06:35 EST 2026] No pending sync request.
[Tue Feb 24 09:07:05 EST 2026] No pending sync request.
[Tue Feb 24 09:07:35 EST 2026] No pending sync request.
[Tue Feb 24 09:08:05 EST 2026] No pending sync request.
[Tue Feb 24 09:08:36 EST 2026] No pending sync request.
[Tue Feb 24 09:09:06 EST 2026] No pending sync request.
[Tue Feb 24 09:09:36 EST 2026] No pending sync request.
[Tue Feb 24 09:10:06 EST 2026] No pending sync request.
[Tue Feb 24 09:10:36 EST 2026] No pending sync request.
[Tue Feb 24 09:11:07 EST 2026] No pending sync request.
[Tue Feb 24 09:11:37 EST 2026] No pending sync request.
[Tue Feb 24 09:12:07 EST 2026] No pending sync request.
[Tue Feb 24 09:12:37 EST 2026] No pending sync request.
[Tue Feb 24 09:13:07 EST 2026] No pending sync request.
[Tue Feb 24 09:13:38 EST 2026] No pending sync request.
[Tue Feb 24 09:14:08 EST 2026] No pending sync request.
[Tue Feb 24 09:14:38 EST 2026] No pending sync request.
[Tue Feb 24 09:15:08 EST 2026] No pending sync request.
[Tue Feb 24 09:15:38 EST 2026] No pending sync request.
[Tue Feb 24 09:16:09 EST 2026] No pending sync request.
[Tue Feb 24 09:16:39 EST 2026] No pending sync request.
[Tue Feb 24 09:17:09 EST 2026] No pending sync request.
[Tue Feb 24 09:17:39 EST 2026] No pending sync request.
[Tue Feb 24 09:18:09 EST 2026] No pending sync request.
[Tue Feb 24 09:18:40 EST 2026] No pending sync request.
[Tue Feb 24 09:19:10 EST 2026] No pending sync request.
[Tue Feb 24 09:19:40 EST 2026] No pending sync request.
[Tue Feb 24 09:20:10 EST 2026] No pending sync request.
[Tue Feb 24 09:20:40 EST 2026] No pending sync request.
[Tue Feb 24 09:21:11 EST 2026] No pending sync request.
[Tue Feb 24 09:21:41 EST 2026] No pending sync request.
[Tue Feb 24 09:22:11 EST 2026] No pending sync request.
[Tue Feb 24 09:22:41 EST 2026] No pending sync request.
[Tue Feb 24 09:23:12 EST 2026] No pending sync request.
[Tue Feb 24 09:23:42 EST 2026] No pending sync request.
[Tue Feb 24 09:24:12 EST 2026] No pending sync request.
[Tue Feb 24 09:24:42 EST 2026] No pending sync request.
[Tue Feb 24 09:25:12 EST 2026] No pending sync request.
[Tue Feb 24 09:25:44 EST 2026] No pending sync request.
[Tue Feb 24 09:26:15 EST 2026] No pending sync request.
[Tue Feb 24 09:26:45 EST 2026] No pending sync request.
[Tue Feb 24 09:27:15 EST 2026] No pending sync request.
[Tue Feb 24 09:27:45 EST 2026] No pending sync request.
[Tue Feb 24 09:28:15 EST 2026] No pending sync request.
[Tue Feb 24 09:28:46 EST 2026] No pending sync request.
[Tue Feb 24 09:29:16 EST 2026] No pending sync request.
[Tue Feb 24 09:29:46 EST 2026] No pending sync request.
[Tue Feb 24 09:30:16 EST 2026] No pending sync request.
[Tue Feb 24 09:30:46 EST 2026] No pending sync request.
[Tue Feb 24 09:31:17 EST 2026] No pending sync request.
[Tue Feb 24 09:31:47 EST 2026] No pending sync request.
[Tue Feb 24 09:32:17 EST 2026] No pending sync request.
[Tue Feb 24 09:32:47 EST 2026] No pending sync request.
[Tue Feb 24 09:33:17 EST 2026] No pending sync request.
[Tue Feb 24 09:33:48 EST 2026] No pending sync request.
[Tue Feb 24 09:34:18 EST 2026] No pending sync request.
[Tue Feb 24 09:34:48 EST 2026] No pending sync request.
[Tue Feb 24 09:35:18 EST 2026] No pending sync request.
[Tue Feb 24 09:35:48 EST 2026] No pending sync request.
[Tue Feb 24 09:36:19 EST 2026] No pending sync request.
[Tue Feb 24 09:36:49 EST 2026] No pending sync request.
[Tue Feb 24 09:37:19 EST 2026] No pending sync request.
[Tue Feb 24 09:37:49 EST 2026] No pending sync request.
[Tue Feb 24 09:38:19 EST 2026] No pending sync request.
[Tue Feb 24 09:38:50 EST 2026] No pending sync request.
[Tue Feb 24 09:39:20 EST 2026] No pending sync request.
[Tue Feb 24 09:39:50 EST 2026] No pending sync request.
[Tue Feb 24 09:40:20 EST 2026] No pending sync request.
[Tue Feb 24 09:40:50 EST 2026] No pending sync request.
[Tue Feb 24 09:41:21 EST 2026] No pending sync request.
[Tue Feb 24 09:41:51 EST 2026] No pending sync request.
[Tue Feb 24 09:42:21 EST 2026] No pending sync request.
[Tue Feb 24 09:42:51 EST 2026] No pending sync request.
[Tue Feb 24 09:43:22 EST 2026] No pending sync request.
[Tue Feb 24 09:43:52 EST 2026] No pending sync request.
[Tue Feb 24 09:44:22 EST 2026] No pending sync request.
[Tue Feb 24 09:44:52 EST 2026] No pending sync request.
[Tue Feb 24 09:45:22 EST 2026] No pending sync request.
[Tue Feb 24 09:45:53 EST 2026] No pending sync request.
[Tue Feb 24 09:46:23 EST 2026] No pending sync request.
[Tue Feb 24 09:46:53 EST 2026] No pending sync request.
[Tue Feb 24 09:47:23 EST 2026] No pending sync request.
[Tue Feb 24 09:47:53 EST 2026] No pending sync request.
[Tue Feb 24 09:48:24 EST 2026] No pending sync request.
[Tue Feb 24 09:48:54 EST 2026] No pending sync request.
[Tue Feb 24 09:49:24 EST 2026] No pending sync request.
[Tue Feb 24 09:49:54 EST 2026] No pending sync request.
[Tue Feb 24 09:50:25 EST 2026] No pending sync request.
[Tue Feb 24 09:50:55 EST 2026] No pending sync request.
[Tue Feb 24 09:51:25 EST 2026] No pending sync request.
[Tue Feb 24 09:51:55 EST 2026] No pending sync request.
[Tue Feb 24 09:52:25 EST 2026] No pending sync request.
[Tue Feb 24 09:52:56 EST 2026] No pending sync request.
[Tue Feb 24 09:53:26 EST 2026] No pending sync request.
[Tue Feb 24 09:53:56 EST 2026] No pending sync request.
[Tue Feb 24 09:54:26 EST 2026] No pending sync request.
[Tue Feb 24 09:54:57 EST 2026] No pending sync request.
[Tue Feb 24 09:55:27 EST 2026] No pending sync request.
[Tue Feb 24 09:55:57 EST 2026] No pending sync request.
[Tue Feb 24 09:56:27 EST 2026] No pending sync request.
[Tue Feb 24 09:56:57 EST 2026] No pending sync request.
[Tue Feb 24 09:57:28 EST 2026] No pending sync request.
[Tue Feb 24 09:57:58 EST 2026] No pending sync request.
[Tue Feb 24 09:58:28 EST 2026] No pending sync request.
[Tue Feb 24 09:58:58 EST 2026] No pending sync request.
[Tue Feb 24 09:59:28 EST 2026] No pending sync request.
[Tue Feb 24 09:59:59 EST 2026] No pending sync request.
[Tue Feb 24 10:00:29 EST 2026] No pending sync request.
[Tue Feb 24 10:00:59 EST 2026] No pending sync request.
[Tue Feb 24 10:01:29 EST 2026] No pending sync request.
[Tue Feb 24 10:01:59 EST 2026] No pending sync request.
[Tue Feb 24 10:02:30 EST 2026] No pending sync request.
[Tue Feb 24 10:03:00 EST 2026] No pending sync request.
[Tue Feb 24 10:03:30 EST 2026] No pending sync request.
[Tue Feb 24 10:04:00 EST 2026] No pending sync request.
[Tue Feb 24 10:04:31 EST 2026] No pending sync request.
[Tue Feb 24 10:05:01 EST 2026] No pending sync request.
[Tue Feb 24 10:05:31 EST 2026] No pending sync request.
[Tue Feb 24 10:06:01 EST 2026] No pending sync request.
[Tue Feb 24 10:06:31 EST 2026] No pending sync request.
[Tue Feb 24 10:07:01 EST 2026] No pending sync request.
[Tue Feb 24 10:07:32 EST 2026] No pending sync request.
[Tue Feb 24 10:08:02 EST 2026] No pending sync request.
[Tue Feb 24 10:08:32 EST 2026] No pending sync request.
[Tue Feb 24 10:09:02 EST 2026] No pending sync request.
[Tue Feb 24 10:09:33 EST 2026] No pending sync request.
[Tue Feb 24 10:10:03 EST 2026] No pending sync request.
[Tue Feb 24 10:10:33 EST 2026] No pending sync request.
[Tue Feb 24 10:11:03 EST 2026] No pending sync request.
[Tue Feb 24 10:11:33 EST 2026] No pending sync request.
[Tue Feb 24 10:12:04 EST 2026] No pending sync request.
[Tue Feb 24 10:12:34 EST 2026] No pending sync request.
[Tue Feb 24 10:13:04 EST 2026] No pending sync request.
[Tue Feb 24 10:13:34 EST 2026] No pending sync request.
[Tue Feb 24 10:14:04 EST 2026] No pending sync request.
[Tue Feb 24 10:14:35 EST 2026] No pending sync request.
[Tue Feb 24 10:15:05 EST 2026] No pending sync request.
[Tue Feb 24 10:15:35 EST 2026] No pending sync request.
[Tue Feb 24 10:16:05 EST 2026] No pending sync request.
[Tue Feb 24 10:16:36 EST 2026] No pending sync request.
[Tue Feb 24 10:17:06 EST 2026] No pending sync request.
[Tue Feb 24 10:17:36 EST 2026] No pending sync request.
[Tue Feb 24 10:18:06 EST 2026] No pending sync request.
[Tue Feb 24 10:18:36 EST 2026] No pending sync request.
[Tue Feb 24 10:19:07 EST 2026] No pending sync request.
[Tue Feb 24 10:19:38 EST 2026] No pending sync request.
[Tue Feb 24 10:20:09 EST 2026] No pending sync request.
[Tue Feb 24 10:20:39 EST 2026] No pending sync request.
[Tue Feb 24 10:21:09 EST 2026] No pending sync request.
[Tue Feb 24 10:21:39 EST 2026] No pending sync request.
[Tue Feb 24 10:22:09 EST 2026] No pending sync request.
[Tue Feb 24 10:22:40 EST 2026] No pending sync request.
[Tue Feb 24 10:23:10 EST 2026] No pending sync request.
[Tue Feb 24 10:23:40 EST 2026] No pending sync request.
[Tue Feb 24 10:24:10 EST 2026] No pending sync request.
[Tue Feb 24 10:24:40 EST 2026] No pending sync request.
[Tue Feb 24 10:25:11 EST 2026] No pending sync request.
[Tue Feb 24 10:25:41 EST 2026] No pending sync request.
[Tue Feb 24 10:26:11 EST 2026] No pending sync request.
[Tue Feb 24 10:26:41 EST 2026] No pending sync request.
[Tue Feb 24 10:27:11 EST 2026] No pending sync request.
[Tue Feb 24 10:27:42 EST 2026] No pending sync request.
[Tue Feb 24 10:28:12 EST 2026] No pending sync request.
[Tue Feb 24 10:28:42 EST 2026] No pending sync request.
[Tue Feb 24 10:29:12 EST 2026] No pending sync request.
[Tue Feb 24 10:29:42 EST 2026] No pending sync request.
[Tue Feb 24 10:30:13 EST 2026] No pending sync request.
[Tue Feb 24 10:30:43 EST 2026] No pending sync request.
[Tue Feb 24 10:31:13 EST 2026] No pending sync request.
[Tue Feb 24 10:31:43 EST 2026] No pending sync request.
[Tue Feb 24 10:32:13 EST 2026] No pending sync request.
[Tue Feb 24 10:32:44 EST 2026] No pending sync request.
[Tue Feb 24 10:33:14 EST 2026] No pending sync request.
[Tue Feb 24 10:33:44 EST 2026] Pending sync request found — running sync...
🚀 Mission Control Sync — 2/24/2026, 10:33:44 AM
   Target: https://first-ram-850.convex.site
   🔔 Dashboard-requested sync (requested at 10:33:38 AM)
  📂 Loaded 42 sessions from dump

🤖 Syncing agents...
  ✅ Anago (idle, 7 today, $0.08 today)
  ✅ IQ (idle, 0 today, $0.00 today)
  ✅ Mako (active, 0 today, $0.00 today)
  ✅ GreenSea (idle, 0 today, $0.00 today)
  ✅ Uni (idle, 0 today, $0.00 today)

⏰ Syncing cron jobs...
  ✅ 41 cron jobs synced

📡 Syncing sessions + costs...
  ✅ 42 sessions synced with cost data
  💰 Actual total cost across sessions: $0.40

📝 Syncing tasks from workspace...
  ✅ 14 tasks from TODO.md synced
  ✅ 29 total tasks synced (TODO.md + tasks/)

📋 Syncing recent activity...
  ✅ 0 new activity entries synced

🦈 Syncing Mako scalper trades...
  ℹ️  No new trades to sync
  ✅ 19 previously-pending trade(s) updated
  ✅ Status synced: active (live), 20 trades, 90.0% WR
  ✅ 1 daily PnL records synced

🪸 Syncing Uni Kalshi trading...
  ✅ Uni status synced: idle, $518.76 balance, 0 trades

🧠 Syncing memory files...
  ✅ 0 files synced, 19 unchanged

✅ Sync complete!
[Tue Feb 24 10:33:57 EST 2026] Sync complete.
[Tue Feb 24 10:34:27 EST 2026] No pending sync request.
[Tue Feb 24 10:34:57 EST 2026] No pending sync request.
[Tue Feb 24 10:35:28 EST 2026] No pending sync request.
[Tue Feb 24 10:35:58 EST 2026] No pending sync request.
[Tue Feb 24 10:36:28 EST 2026] No pending sync request.
[Tue Feb 24 10:36:58 EST 2026] No pending sync request.
[Tue Feb 24 10:37:29 EST 2026] No pending sync request.
[Tue Feb 24 10:37:59 EST 2026] No pending sync request.
[Tue Feb 24 10:38:29 EST 2026] No pending sync request.
[Tue Feb 24 10:38:59 EST 2026] No pending sync request.
[Tue Feb 24 10:39:29 EST 2026] No pending sync request.
[Tue Feb 24 10:40:00 EST 2026] No pending sync request.
[Tue Feb 24 10:40:30 EST 2026] No pending sync request.
[Tue Feb 24 10:41:00 EST 2026] No pending sync request.
[Tue Feb 24 10:41:30 EST 2026] No pending sync request.
[Tue Feb 24 10:42:00 EST 2026] No pending sync request.
[Tue Feb 24 10:42:31 EST 2026] No pending sync request.
[Tue Feb 24 10:43:01 EST 2026] No pending sync request.
[Tue Feb 24 10:43:31 EST 2026] No pending sync request.
[Tue Feb 24 10:44:01 EST 2026] No pending sync request.
[Tue Feb 24 10:44:32 EST 2026] No pending sync request.
[Tue Feb 24 10:45:02 EST 2026] No pending sync request.
[Tue Feb 24 10:45:32 EST 2026] No pending sync request.
[Tue Feb 24 10:46:02 EST 2026] No pending sync request.
[Tue Feb 24 10:46:33 EST 2026] No pending sync request.
[Tue Feb 24 10:47:03 EST 2026] No pending sync request.
[Tue Feb 24 10:47:33 EST 2026] No pending sync request.
[Tue Feb 24 10:48:03 EST 2026] No pending sync request.
[Tue Feb 24 10:48:34 EST 2026] No pending sync request.
[Tue Feb 24 10:49:04 EST 2026] No pending sync request.
[Tue Feb 24 10:49:34 EST 2026] No pending sync request.
[Tue Feb 24 10:50:05 EST 2026] No pending sync request.
[Tue Feb 24 10:50:35 EST 2026] No pending sync request.
[Tue Feb 24 10:51:05 EST 2026] No pending sync request.
[Tue Feb 24 10:51:35 EST 2026] No pending sync request.
[Tue Feb 24 10:52:05 EST 2026] No pending sync request.
[Tue Feb 24 10:52:36 EST 2026] No pending sync request.
[Tue Feb 24 10:53:06 EST 2026] No pending sync request.
[Tue Feb 24 10:53:36 EST 2026] No pending sync request.
[Tue Feb 24 10:54:06 EST 2026] No pending sync request.
[Tue Feb 24 10:54:36 EST 2026] No pending sync request.
[Tue Feb 24 10:55:07 EST 2026] No pending sync request.
[Tue Feb 24 10:55:37 EST 2026] No pending sync request.
[Tue Feb 24 10:56:07 EST 2026] No pending sync request.
[Tue Feb 24 10:56:37 EST 2026] No pending sync request.
[Tue Feb 24 10:57:08 EST 2026] No pending sync request.
[Tue Feb 24 10:57:38 EST 2026] No pending sync request.
[Tue Feb 24 10:58:08 EST 2026] No pending sync request.
[Tue Feb 24 10:58:38 EST 2026] No pending sync request.
[Tue Feb 24 10:59:08 EST 2026] No pending sync request.
[Tue Feb 24 10:59:38 EST 2026] No pending sync request.
[Tue Feb 24 11:00:09 EST 2026] No pending sync request.
[Tue Feb 24 11:00:39 EST 2026] No pending sync request.
[Tue Feb 24 11:01:09 EST 2026] No pending sync request.
[Tue Feb 24 11:01:39 EST 2026] No pending sync request.
[Tue Feb 24 11:02:10 EST 2026] No pending sync request.
[Tue Feb 24 11:02:40 EST 2026] No pending sync request.
[Tue Feb 24 11:03:10 EST 2026] No pending sync request.
[Tue Feb 24 11:03:40 EST 2026] No pending sync request.
[Tue Feb 24 11:04:10 EST 2026] No pending sync request.
[Tue Feb 24 11:04:41 EST 2026] No pending sync request.
[Tue Feb 24 11:05:11 EST 2026] No pending sync request.
[Tue Feb 24 11:05:41 EST 2026] No pending sync request.
[Tue Feb 24 11:06:11 EST 2026] No pending sync request.
[Tue Feb 24 11:06:42 EST 2026] No pending sync request.
[Tue Feb 24 11:07:12 EST 2026] No pending sync request.
[Tue Feb 24 11:07:42 EST 2026] No pending sync request.
[Tue Feb 24 11:08:12 EST 2026] No pending sync request.
[Tue Feb 24 11:08:43 EST 2026] No pending sync request.
[Tue Feb 24 11:09:13 EST 2026] No pending sync request.
[Tue Feb 24 11:09:43 EST 2026] No pending sync request.
[Tue Feb 24 11:10:13 EST 2026] No pending sync request.
[Tue Feb 24 11:10:43 EST 2026] No pending sync request.
[Tue Feb 24 11:11:14 EST 2026] No pending sync request.
[Tue Feb 24 11:11:44 EST 2026] No pending sync request.
[Tue Feb 24 11:12:14 EST 2026] No pending sync request.
[Tue Feb 24 11:12:44 EST 2026] No pending sync request.
[Tue Feb 24 11:13:15 EST 2026] No pending sync request.
[Tue Feb 24 11:13:45 EST 2026] No pending sync request.
[Tue Feb 24 11:14:15 EST 2026] No pending sync request.
[Tue Feb 24 11:14:45 EST 2026] No pending sync request.
[Tue Feb 24 11:15:15 EST 2026] No pending sync request.
[Tue Feb 24 11:15:46 EST 2026] No pending sync request.
[Tue Feb 24 11:16:16 EST 2026] No pending sync request.
[Tue Feb 24 11:16:46 EST 2026] No pending sync request.
[Tue Feb 24 11:17:16 EST 2026] No pending sync request.
[Tue Feb 24 11:17:47 EST 2026] No pending sync request.
[Tue Feb 24 11:18:17 EST 2026] No pending sync request.
[Tue Feb 24 11:18:47 EST 2026] No pending sync request.
[Tue Feb 24 11:19:17 EST 2026] No pending sync request.
[Tue Feb 24 11:19:48 EST 2026] No pending sync request.
[Tue Feb 24 11:20:18 EST 2026] No pending sync request.
[Tue Feb 24 11:20:48 EST 2026] No pending sync request.
[Tue Feb 24 11:21:18 EST 2026] No pending sync request.
[Tue Feb 24 11:21:48 EST 2026] No pending sync request.
[Tue Feb 24 11:22:19 EST 2026] No pending sync request.
[Tue Feb 24 11:22:49 EST 2026] No pending sync request.
[Tue Feb 24 11:23:19 EST 2026] No pending sync request.
[Tue Feb 24 11:23:49 EST 2026] No pending sync request.
[Tue Feb 24 11:24:19 EST 2026] No pending sync request.
[Tue Feb 24 11:24:50 EST 2026] No pending sync request.
[Tue Feb 24 11:25:20 EST 2026] No pending sync request.
[Tue Feb 24 11:25:50 EST 2026] No pending sync request.
[Tue Feb 24 11:26:20 EST 2026] No pending sync request.
[Tue Feb 24 11:26:51 EST 2026] No pending sync request.
[Tue Feb 24 11:27:21 EST 2026] No pending sync request.
[Tue Feb 24 11:27:51 EST 2026] No pending sync request.
[Tue Feb 24 11:28:21 EST 2026] No pending sync request.
[Tue Feb 24 11:28:51 EST 2026] No pending sync request.
[Tue Feb 24 11:29:21 EST 2026] No pending sync request.
[Tue Feb 24 11:29:52 EST 2026] No pending sync request.
[Tue Feb 24 11:30:22 EST 2026] No pending sync request.
[Tue Feb 24 11:30:52 EST 2026] No pending sync request.
[Tue Feb 24 11:31:22 EST 2026] No pending sync request.
[Tue Feb 24 11:31:53 EST 2026] No pending sync request.
[Tue Feb 24 11:32:23 EST 2026] No pending sync request.
[Tue Feb 24 11:32:54 EST 2026] No pending sync request.
[Tue Feb 24 11:33:24 EST 2026] No pending sync request.
[Tue Feb 24 11:33:54 EST 2026] No pending sync request.
[Tue Feb 24 11:34:24 EST 2026] No pending sync request.
[Tue Feb 24 11:34:54 EST 2026] No pending sync request.
[Tue Feb 24 11:35:25 EST 2026] No pending sync request.
[Tue Feb 24 11:35:55 EST 2026] No pending sync request.
[Tue Feb 24 11:36:25 EST 2026] No pending sync request.
[Tue Feb 24 11:36:55 EST 2026] No pending sync request.
[Tue Feb 24 11:37:25 EST 2026] No pending sync request.
[Tue Feb 24 11:37:56 EST 2026] No pending sync request.
[Tue Feb 24 11:38:27 EST 2026] No pending sync request.
[Tue Feb 24 11:38:57 EST 2026] No pending sync request.
[Tue Feb 24 11:39:28 EST 2026] No pending sync request.
[Tue Feb 24 11:39:58 EST 2026] No pending sync request.
[Tue Feb 24 11:40:28 EST 2026] No pending sync request.
[Tue Feb 24 11:40:58 EST 2026] No pending sync request.
[Tue Feb 24 11:41:28 EST 2026] No pending sync request.
[Tue Feb 24 11:41:59 EST 2026] No pending sync request.
[Tue Feb 24 11:42:29 EST 2026] No pending sync request.
[Tue Feb 24 11:42:59 EST 2026] No pending sync request.
[Tue Feb 24 11:43:29 EST 2026] No pending sync request.
[Tue Feb 24 11:43:59 EST 2026] No pending sync request.
[Tue Feb 24 11:44:30 EST 2026] No pending sync request.
[Tue Feb 24 11:45:00 EST 2026] No pending sync request.
[Tue Feb 24 11:45:30 EST 2026] No pending sync request.
[Tue Feb 24 11:46:00 EST 2026] No pending sync request.
[Tue Feb 24 11:46:30 EST 2026] No pending sync request.
[Tue Feb 24 11:47:01 EST 2026] No pending sync request.
[Tue Feb 24 11:47:31 EST 2026] No pending sync request.
[Tue Feb 24 11:48:01 EST 2026] No pending sync request.
[Tue Feb 24 11:48:31 EST 2026] No pending sync request.
[Tue Feb 24 11:49:01 EST 2026] No pending sync request.
[Tue Feb 24 11:49:32 EST 2026] No pending sync request.
[Tue Feb 24 11:50:02 EST 2026] No pending sync request.
[Tue Feb 24 11:50:32 EST 2026] No pending sync request.
[Tue Feb 24 11:51:02 EST 2026] No pending sync request.
[Tue Feb 24 11:51:32 EST 2026] No pending sync request.
[Tue Feb 24 11:52:02 EST 2026] No pending sync request.
[Tue Feb 24 11:52:33 EST 2026] No pending sync request.
[Tue Feb 24 11:53:03 EST 2026] No pending sync request.
[Tue Feb 24 11:53:33 EST 2026] No pending sync request.
[Tue Feb 24 11:54:03 EST 2026] No pending sync request.
[Tue Feb 24 11:54:34 EST 2026] No pending sync request.
[Tue Feb 24 11:55:04 EST 2026] No pending sync request.
[Tue Feb 24 11:55:34 EST 2026] No pending sync request.
[Tue Feb 24 11:56:04 EST 2026] No pending sync request.
[Tue Feb 24 11:56:34 EST 2026] No pending sync request.
[Tue Feb 24 11:57:05 EST 2026] No pending sync request.
[Tue Feb 24 11:57:35 EST 2026] No pending sync request.
[Tue Feb 24 11:58:05 EST 2026] No pending sync request.
[Tue Feb 24 11:58:35 EST 2026] No pending sync request.
[Tue Feb 24 11:59:05 EST 2026] No pending sync request.
[Tue Feb 24 11:59:36 EST 2026] No pending sync request.
[Tue Feb 24 12:00:06 EST 2026] No pending sync request.
[Tue Feb 24 12:00:36 EST 2026] No pending sync request.
[Tue Feb 24 12:01:06 EST 2026] No pending sync request.
[Tue Feb 24 12:01:36 EST 2026] No pending sync request.
[Tue Feb 24 12:02:07 EST 2026] No pending sync request.
[Tue Feb 24 12:02:37 EST 2026] No pending sync request.
[Tue Feb 24 12:03:07 EST 2026] No pending sync request.
[Tue Feb 24 12:03:37 EST 2026] No pending sync request.
[Tue Feb 24 12:04:07 EST 2026] No pending sync request.
[Tue Feb 24 12:04:38 EST 2026] No pending sync request.
[Tue Feb 24 12:05:08 EST 2026] No pending sync request.
[Tue Feb 24 12:05:38 EST 2026] No pending sync request.
[Tue Feb 24 12:06:08 EST 2026] No pending sync request.
[Tue Feb 24 12:06:38 EST 2026] No pending sync request.
[Tue Feb 24 12:07:09 EST 2026] No pending sync request.
[Tue Feb 24 12:07:39 EST 2026] No pending sync request.
[Tue Feb 24 12:08:09 EST 2026] No pending sync request.
[Tue Feb 24 12:08:39 EST 2026] No pending sync request.
[Tue Feb 24 12:09:09 EST 2026] No pending sync request.
[Tue Feb 24 12:09:40 EST 2026] No pending sync request.
[Tue Feb 24 12:10:10 EST 2026] No pending sync request.
[Tue Feb 24 12:10:40 EST 2026] No pending sync request.
[Tue Feb 24 12:11:10 EST 2026] No pending sync request.
[Tue Feb 24 12:11:41 EST 2026] No pending sync request.
[Tue Feb 24 12:12:11 EST 2026] No pending sync request.
[Tue Feb 24 12:12:41 EST 2026] No pending sync request.
[Tue Feb 24 12:13:11 EST 2026] No pending sync request.
[Tue Feb 24 12:13:41 EST 2026] No pending sync request.
[Tue Feb 24 12:14:12 EST 2026] No pending sync request.
[Tue Feb 24 12:14:42 EST 2026] No pending sync request.
[Tue Feb 24 12:15:12 EST 2026] No pending sync request.
[Tue Feb 24 12:15:42 EST 2026] No pending sync request.
[Tue Feb 24 12:16:12 EST 2026] No pending sync request.
[Tue Feb 24 12:16:43 EST 2026] No pending sync request.
[Tue Feb 24 12:17:13 EST 2026] No pending sync request.
[Tue Feb 24 12:17:43 EST 2026] No pending sync request.
[Tue Feb 24 12:18:13 EST 2026] No pending sync request.
[Tue Feb 24 12:18:44 EST 2026] No pending sync request.
[Tue Feb 24 12:19:14 EST 2026] No pending sync request.
[Tue Feb 24 12:19:44 EST 2026] No pending sync request.
[Tue Feb 24 12:20:14 EST 2026] No pending sync request.
[Tue Feb 24 12:20:44 EST 2026] No pending sync request.
[Tue Feb 24 12:21:15 EST 2026] No pending sync request.
[Tue Feb 24 12:21:45 EST 2026] No pending sync request.
[Tue Feb 24 12:22:15 EST 2026] No pending sync request.
[Tue Feb 24 12:22:46 EST 2026] No pending sync request.
[Tue Feb 24 12:23:16 EST 2026] No pending sync request.
[Tue Feb 24 12:23:46 EST 2026] No pending sync request.
[Tue Feb 24 12:24:16 EST 2026] No pending sync request.
[Tue Feb 24 12:24:46 EST 2026] No pending sync request.
[Tue Feb 24 12:25:17 EST 2026] No pending sync request.
[Tue Feb 24 12:25:47 EST 2026] No pending sync request.
[Tue Feb 24 12:26:17 EST 2026] No pending sync request.
[Tue Feb 24 12:26:47 EST 2026] No pending sync request.
[Tue Feb 24 12:27:18 EST 2026] Pending sync request found — running sync...
🚀 Mission Control Sync — 2/24/2026, 12:27:18 PM
   Target: https://first-ram-850.convex.site
   🔔 Dashboard-requested sync (requested at 12:27:13 PM)
  📂 Loaded 42 sessions from dump

🤖 Syncing agents...
  ✅ Anago (idle, 7 today, $0.08 today)
  ✅ IQ (idle, 0 today, $0.00 today)
  ✅ Mako (active, 0 today, $0.00 today)
  ✅ GreenSea (idle, 0 today, $0.00 today)
  ✅ Uni (idle, 0 today, $0.00 today)

⏰ Syncing cron jobs...
  ✅ 40 cron jobs synced

📡 Syncing sessions + costs...
  ✅ 42 sessions synced with cost data
  💰 Actual total cost across sessions: $0.40

📝 Syncing tasks from workspace...
  ✅ 14 tasks from TODO.md synced
  ✅ 29 total tasks synced (TODO.md + tasks/)

📋 Syncing recent activity...
  ✅ 14 new activity entries synced

🦈 Syncing Mako scalper trades...
  ℹ️  No new trades to sync
  ✅ 20 previously-pending trade(s) updated
  ✅ Status synced: active (live), 20 trades, 95.0% WR
  ✅ 1 daily PnL records synced

🪸 Syncing Uni Kalshi trading...
  ✅ Uni status synced: idle, $518.76 balance, 0 trades

🧠 Syncing memory files...
  ✅ 0 files synced, 19 unchanged

✅ Sync complete!
[Tue Feb 24 12:27:34 EST 2026] Sync complete.
[Tue Feb 24 12:28:04 EST 2026] No pending sync request.
[Tue Feb 24 12:28:34 EST 2026] No pending sync request.
[Tue Feb 24 12:29:04 EST 2026] No pending sync request.
[Tue Feb 24 12:29:35 EST 2026] No pending sync request.
[Tue Feb 24 12:30:05 EST 2026] No pending sync request.
[Tue Feb 24 12:30:35 EST 2026] No pending sync request.
[Tue Feb 24 12:31:05 EST 2026] No pending sync request.
[Tue Feb 24 12:31:35 EST 2026] No pending sync request.
[Tue Feb 24 12:32:06 EST 2026] No pending sync request.
[Tue Feb 24 12:32:36 EST 2026] No pending sync request.
[Tue Feb 24 12:33:06 EST 2026] No pending sync request.
[Tue Feb 24 12:33:36 EST 2026] No pending sync request.
[Tue Feb 24 12:34:06 EST 2026] No pending sync request.
[Tue Feb 24 12:34:37 EST 2026] No pending sync request.
[Tue Feb 24 12:35:07 EST 2026] No pending sync request.
[Tue Feb 24 12:35:37 EST 2026] No pending sync request.
[Tue Feb 24 12:36:07 EST 2026] No pending sync request.
[Tue Feb 24 12:36:37 EST 2026] No pending sync request.
[Tue Feb 24 12:37:08 EST 2026] No pending sync request.
[Tue Feb 24 12:37:38 EST 2026] No pending sync request.
[Tue Feb 24 12:38:08 EST 2026] No pending sync request.
[Tue Feb 24 12:38:38 EST 2026] No pending sync request.
[Tue Feb 24 12:39:08 EST 2026] No pending sync request.
[Tue Feb 24 12:39:39 EST 2026] No pending sync request.
[Tue Feb 24 12:40:09 EST 2026] No pending sync request.
[Tue Feb 24 12:40:39 EST 2026] No pending sync request.
[Tue Feb 24 12:41:09 EST 2026] No pending sync request.
[Tue Feb 24 12:41:40 EST 2026] No pending sync request.
[Tue Feb 24 12:42:10 EST 2026] No pending sync request.
[Tue Feb 24 12:42:40 EST 2026] No pending sync request.
[Tue Feb 24 12:43:10 EST 2026] No pending sync request.
[Tue Feb 24 12:43:40 EST 2026] No pending sync request.
[Tue Feb 24 12:44:11 EST 2026] No pending sync request.
[Tue Feb 24 12:44:41 EST 2026] No pending sync request.
[Tue Feb 24 12:45:11 EST 2026] No pending sync request.
[Tue Feb 24 12:45:41 EST 2026] No pending sync request.
[Tue Feb 24 12:46:11 EST 2026] No pending sync request.
[Tue Feb 24 12:46:42 EST 2026] No pending sync request.
[Tue Feb 24 12:47:12 EST 2026] No pending sync request.
[Tue Feb 24 12:47:42 EST 2026] No pending sync request.
[Tue Feb 24 12:48:12 EST 2026] No pending sync request.
[Tue Feb 24 12:48:43 EST 2026] No pending sync request.
[Tue Feb 24 12:49:13 EST 2026] No pending sync request.
[Tue Feb 24 12:49:43 EST 2026] No pending sync request.
[Tue Feb 24 12:50:13 EST 2026] No pending sync request.
[Tue Feb 24 12:50:43 EST 2026] No pending sync request.
[Tue Feb 24 12:51:14 EST 2026] No pending sync request.
[Tue Feb 24 12:51:44 EST 2026] No pending sync request.
[Tue Feb 24 12:52:14 EST 2026] No pending sync request.
[Tue Feb 24 12:52:44 EST 2026] No pending sync request.
[Tue Feb 24 12:53:15 EST 2026] No pending sync request.
[Tue Feb 24 12:53:45 EST 2026] No pending sync request.
[Tue Feb 24 12:54:15 EST 2026] No pending sync request.
[Tue Feb 24 12:54:45 EST 2026] No pending sync request.
[Tue Feb 24 12:55:15 EST 2026] No pending sync request.
[Tue Feb 24 12:55:45 EST 2026] No pending sync request.
[Tue Feb 24 12:56:16 EST 2026] No pending sync request.
[Tue Feb 24 12:56:46 EST 2026] No pending sync request.
[Tue Feb 24 12:57:16 EST 2026] No pending sync request.
[Tue Feb 24 12:57:46 EST 2026] No pending sync request.
[Tue Feb 24 12:58:16 EST 2026] No pending sync request.
[Tue Feb 24 12:58:47 EST 2026] No pending sync request.
[Tue Feb 24 12:59:17 EST 2026] No pending sync request.
[Tue Feb 24 12:59:47 EST 2026] No pending sync request.
[Tue Feb 24 13:00:17 EST 2026] No pending sync request.
[Tue Feb 24 13:00:47 EST 2026] No pending sync request.
[Tue Feb 24 13:01:18 EST 2026] No pending sync request.
[Tue Feb 24 13:01:48 EST 2026] No pending sync request.
[Tue Feb 24 13:02:18 EST 2026] No pending sync request.
[Tue Feb 24 13:02:48 EST 2026] No pending sync request.
[Tue Feb 24 13:03:19 EST 2026] No pending sync request.
[Tue Feb 24 13:03:49 EST 2026] No pending sync request.
[Tue Feb 24 13:04:19 EST 2026] No pending sync request.
[Tue Feb 24 13:04:49 EST 2026] No pending sync request.
[Tue Feb 24 13:05:19 EST 2026] No pending sync request.
[Tue Feb 24 13:05:50 EST 2026] No pending sync request.
[Tue Feb 24 13:06:20 EST 2026] No pending sync request.
[Tue Feb 24 13:06:50 EST 2026] No pending sync request.
[Tue Feb 24 13:07:20 EST 2026] No pending sync request.
[Tue Feb 24 13:07:50 EST 2026] No pending sync request.
[Tue Feb 24 13:08:21 EST 2026] Pending sync request found — running sync...
🚀 Mission Control Sync — 2/24/2026, 1:08:21 PM
   Target: https://first-ram-850.convex.site
   🔔 Dashboard-requested sync (requested at 1:08:19 PM)
  📂 Loaded 42 sessions from dump

🤖 Syncing agents...
  ✅ Anago (idle, 7 today, $0.08 today)
  ✅ IQ (idle, 0 today, $0.00 today)
  ✅ Mako (active, 0 today, $0.00 today)
  ✅ GreenSea (idle, 0 today, $0.00 today)
  ✅ Uni (idle, 0 today, $0.00 today)

⏰ Syncing cron jobs...
  ✅ 41 cron jobs synced

📡 Syncing sessions + costs...
  ✅ 42 sessions synced with cost data
  💰 Actual total cost across sessions: $0.40

📝 Syncing tasks from workspace...
  ✅ 14 tasks from TODO.md synced
  ✅ 29 total tasks synced (TODO.md + tasks/)

📋 Syncing recent activity...
  ✅ 41 new activity entries synced

🦈 Syncing Mako scalper trades...
  ℹ️  No new trades to sync
  ✅ 22 previously-pending trade(s) updated
  ✅ Status synced: active (live), 22 trades, 95.5% WR
  ✅ 1 daily PnL records synced

🪸 Syncing Uni Kalshi trading...
  ✅ Uni status synced: idle, $518.76 balance, 0 trades

🧠 Syncing memory files...
  ✅ 0 files synced, 19 unchanged

✅ Sync complete!
[Tue Feb 24 13:08:37 EST 2026] Sync complete.
[Tue Feb 24 13:09:07 EST 2026] No pending sync request.
[Tue Feb 24 13:09:37 EST 2026] No pending sync request.
[Tue Feb 24 13:10:08 EST 2026] No pending sync request.
[Tue Feb 24 13:10:38 EST 2026] No pending sync request.
[Tue Feb 24 13:11:08 EST 2026] No pending sync request.
[Tue Feb 24 13:11:38 EST 2026] No pending sync request.
[Tue Feb 24 13:12:09 EST 2026] No pending sync request.
[Tue Feb 24 13:12:39 EST 2026] No pending sync request.
[Tue Feb 24 13:13:09 EST 2026] No pending sync request.
[Tue Feb 24 13:13:39 EST 2026] No pending sync request.
[Tue Feb 24 13:14:09 EST 2026] No pending sync request.
[Tue Feb 24 13:14:40 EST 2026] No pending sync request.
[Tue Feb 24 13:15:10 EST 2026] No pending sync request.
[Tue Feb 24 13:15:40 EST 2026] No pending sync request.
[Tue Feb 24 13:16:10 EST 2026] No pending sync request.
[Tue Feb 24 13:16:40 EST 2026] No pending sync request.
[Tue Feb 24 13:17:11 EST 2026] No pending sync request.
[Tue Feb 24 13:17:41 EST 2026] No pending sync request.
[Tue Feb 24 13:18:11 EST 2026] No pending sync request.
[Tue Feb 24 13:18:41 EST 2026] No pending sync request.
[Tue Feb 24 13:19:12 EST 2026] No pending sync request.
[Tue Feb 24 13:19:42 EST 2026] No pending sync request.
[Tue Feb 24 13:20:12 EST 2026] No pending sync request.
[Tue Feb 24 13:20:42 EST 2026] No pending sync request.
[Tue Feb 24 13:21:12 EST 2026] No pending sync request.
[Tue Feb 24 13:21:43 EST 2026] No pending sync request.
[Tue Feb 24 13:22:13 EST 2026] No pending sync request.
[Tue Feb 24 13:22:43 EST 2026] No pending sync request.
[Tue Feb 24 13:23:13 EST 2026] No pending sync request.
[Tue Feb 24 13:23:43 EST 2026] No pending sync request.
[Tue Feb 24 13:24:14 EST 2026] No pending sync request.
[Tue Feb 24 13:24:44 EST 2026] No pending sync request.
[Tue Feb 24 13:25:14 EST 2026] No pending sync request.
[Tue Feb 24 13:25:44 EST 2026] No pending sync request.
[Tue Feb 24 13:26:14 EST 2026] No pending sync request.
[Tue Feb 24 13:26:45 EST 2026] No pending sync request.
[Tue Feb 24 13:27:15 EST 2026] No pending sync request.
[Tue Feb 24 13:27:45 EST 2026] No pending sync request.
[Tue Feb 24 13:28:15 EST 2026] No pending sync request.
[Tue Feb 24 13:28:45 EST 2026] No pending sync request.
[Tue Feb 24 13:29:16 EST 2026] No pending sync request.
[Tue Feb 24 13:29:46 EST 2026] No pending sync request.
[Tue Feb 24 13:30:16 EST 2026] No pending sync request.
[Tue Feb 24 13:30:46 EST 2026] No pending sync request.
[Tue Feb 24 13:31:16 EST 2026] No pending sync request.
[Tue Feb 24 13:31:47 EST 2026] No pending sync request.
[Tue Feb 24 13:32:17 EST 2026] No pending sync request.
[Tue Feb 24 13:32:47 EST 2026] No pending sync request.
[Tue Feb 24 13:33:17 EST 2026] No pending sync request.
[Tue Feb 24 13:33:48 EST 2026] No pending sync request.
[Tue Feb 24 13:34:18 EST 2026] No pending sync request.
[Tue Feb 24 13:34:48 EST 2026] No pending sync request.
[Tue Feb 24 13:35:18 EST 2026] No pending sync request.
[Tue Feb 24 13:35:49 EST 2026] No pending sync request.
[Tue Feb 24 13:36:19 EST 2026] No pending sync request.
[Tue Feb 24 13:36:49 EST 2026] No pending sync request.
[Tue Feb 24 13:37:19 EST 2026] No pending sync request.
[Tue Feb 24 13:37:50 EST 2026] No pending sync request.
[Tue Feb 24 13:38:20 EST 2026] No pending sync request.
[Tue Feb 24 13:38:50 EST 2026] No pending sync request.
[Tue Feb 24 13:39:20 EST 2026] No pending sync request.
[Tue Feb 24 13:39:50 EST 2026] No pending sync request.
[Tue Feb 24 13:40:21 EST 2026] No pending sync request.
[Tue Feb 24 13:40:51 EST 2026] No pending sync request.
[Tue Feb 24 13:41:21 EST 2026] No pending sync request.
[Tue Feb 24 13:41:51 EST 2026] No pending sync request.
[Tue Feb 24 13:42:22 EST 2026] No pending sync request.
[Tue Feb 24 13:42:52 EST 2026] No pending sync request.
[Tue Feb 24 13:43:22 EST 2026] No pending sync request.
[Tue Feb 24 13:43:52 EST 2026] No pending sync request.
[Tue Feb 24 13:44:22 EST 2026] No pending sync request.
[Tue Feb 24 13:44:53 EST 2026] No pending sync request.
[Tue Feb 24 13:45:23 EST 2026] No pending sync request.
[Tue Feb 24 13:45:53 EST 2026] No pending sync request.
[Tue Feb 24 13:46:23 EST 2026] No pending sync request.
[Tue Feb 24 13:46:54 EST 2026] No pending sync request.
[Tue Feb 24 13:47:24 EST 2026] No pending sync request.
[Tue Feb 24 13:47:54 EST 2026] No pending sync request.
[Tue Feb 24 13:48:24 EST 2026] No pending sync request.
[Tue Feb 24 13:48:55 EST 2026] No pending sync request.
[Tue Feb 24 13:49:25 EST 2026] No pending sync request.
[Tue Feb 24 13:49:55 EST 2026] No pending sync request.
[Tue Feb 24 13:50:25 EST 2026] No pending sync request.
[Tue Feb 24 13:50:55 EST 2026] No pending sync request.
[Tue Feb 24 13:51:26 EST 2026] No pending sync request.
[Tue Feb 24 13:51:56 EST 2026] No pending sync request.
[Tue Feb 24 13:52:26 EST 2026] No pending sync request.
[Tue Feb 24 13:52:56 EST 2026] No pending sync request.
[Tue Feb 24 13:53:26 EST 2026] No pending sync request.
[Tue Feb 24 13:53:57 EST 2026] No pending sync request.
[Tue Feb 24 13:54:27 EST 2026] No pending sync request.
[Tue Feb 24 13:54:57 EST 2026] No pending sync request.
[Tue Feb 24 13:55:28 EST 2026] No pending sync request.
[Tue Feb 24 13:55:58 EST 2026] No pending sync request.
[Tue Feb 24 13:56:28 EST 2026] No pending sync request.
[Tue Feb 24 13:56:58 EST 2026] No pending sync request.
[Tue Feb 24 13:57:28 EST 2026] No pending sync request.
[Tue Feb 24 13:57:59 EST 2026] No pending sync request.
[Tue Feb 24 13:58:29 EST 2026] No pending sync request.
[Tue Feb 24 13:58:59 EST 2026] No pending sync request.
[Tue Feb 24 13:59:29 EST 2026] No pending sync request.
[Tue Feb 24 13:59:59 EST 2026] No pending sync request.
[Tue Feb 24 14:00:30 EST 2026] No pending sync request.
[Tue Feb 24 14:01:00 EST 2026] No pending sync request.
[Tue Feb 24 14:01:30 EST 2026] No pending sync request.
[Tue Feb 24 14:02:00 EST 2026] No pending sync request.
[Tue Feb 24 14:02:30 EST 2026] No pending sync request.
[Tue Feb 24 14:03:01 EST 2026] No pending sync request.
[Tue Feb 24 14:03:31 EST 2026] No pending sync request.
[Tue Feb 24 14:04:01 EST 2026] No pending sync request.
[Tue Feb 24 14:04:31 EST 2026] No pending sync request.
[Tue Feb 24 14:05:02 EST 2026] No pending sync request.
[Tue Feb 24 14:05:32 EST 2026] No pending sync request.
[Tue Feb 24 14:06:02 EST 2026] No pending sync request.
[Tue Feb 24 14:06:32 EST 2026] No pending sync request.
[Tue Feb 24 14:07:02 EST 2026] No pending sync request.
[Tue Feb 24 14:07:33 EST 2026] No pending sync request.
[Tue Feb 24 14:08:03 EST 2026] No pending sync request.
[Tue Feb 24 14:08:33 EST 2026] No pending sync request.
[Tue Feb 24 14:09:03 EST 2026] No pending sync request.
[Tue Feb 24 14:09:33 EST 2026] No pending sync request.
[Tue Feb 24 14:10:04 EST 2026] No pending sync request.
[Tue Feb 24 14:10:34 EST 2026] No pending sync request.
[Tue Feb 24 14:11:04 EST 2026] No pending sync request.
[Tue Feb 24 14:11:34 EST 2026] No pending sync request.
[Tue Feb 24 14:12:05 EST 2026] No pending sync request.
[Tue Feb 24 14:12:35 EST 2026] No pending sync request.
[Tue Feb 24 14:13:05 EST 2026] No pending sync request.
[Tue Feb 24 14:13:35 EST 2026] No pending sync request.
[Tue Feb 24 14:14:06 EST 2026] No pending sync request.
[Tue Feb 24 14:14:36 EST 2026] No pending sync request.
[Tue Feb 24 14:15:06 EST 2026] No pending sync request.
[Tue Feb 24 14:15:36 EST 2026] No pending sync request.
[Tue Feb 24 14:16:06 EST 2026] No pending sync request.
[Tue Feb 24 14:16:37 EST 2026] No pending sync request.
[Tue Feb 24 14:17:07 EST 2026] No pending sync request.
[Tue Feb 24 14:17:37 EST 2026] No pending sync request.
[Tue Feb 24 14:18:08 EST 2026] No pending sync request.
[Tue Feb 24 14:18:38 EST 2026] No pending sync request.
[Tue Feb 24 14:19:08 EST 2026] No pending sync request.
[Tue Feb 24 14:19:38 EST 2026] No pending sync request.
[Tue Feb 24 14:20:08 EST 2026] No pending sync request.
[Tue Feb 24 14:20:39 EST 2026] No pending sync request.
[Tue Feb 24 14:21:09 EST 2026] No pending sync request.
[Tue Feb 24 14:21:39 EST 2026] No pending sync request.
[Tue Feb 24 14:22:09 EST 2026] No pending sync request.
[Tue Feb 24 14:22:39 EST 2026] No pending sync request.
[Tue Feb 24 14:23:10 EST 2026] No pending sync request.
[Tue Feb 24 14:23:40 EST 2026] No pending sync request.
[Tue Feb 24 14:24:10 EST 2026] No pending sync request.
[Tue Feb 24 14:24:40 EST 2026] No pending sync request.
[Tue Feb 24 14:25:10 EST 2026] No pending sync request.
[Tue Feb 24 14:25:41 EST 2026] No pending sync request.
[Tue Feb 24 14:26:11 EST 2026] No pending sync request.
[Tue Feb 24 14:26:41 EST 2026] No pending sync request.
[Tue Feb 24 14:27:11 EST 2026] No pending sync request.
[Tue Feb 24 14:27:41 EST 2026] No pending sync request.
[Tue Feb 24 14:28:12 EST 2026] No pending sync request.
[Tue Feb 24 14:28:42 EST 2026] No pending sync request.
[Tue Feb 24 14:29:12 EST 2026] No pending sync request.
[Tue Feb 24 14:29:42 EST 2026] No pending sync request.
[Tue Feb 24 14:30:12 EST 2026] No pending sync request.
[Tue Feb 24 14:30:43 EST 2026] No pending sync request.
[Tue Feb 24 14:31:13 EST 2026] No pending sync request.
[Tue Feb 24 14:31:43 EST 2026] No pending sync request.
[Tue Feb 24 14:32:13 EST 2026] No pending sync request.
[Tue Feb 24 14:32:43 EST 2026] No pending sync request.
[Tue Feb 24 14:33:14 EST 2026] No pending sync request.
[Tue Feb 24 14:33:44 EST 2026] No pending sync request.
[Tue Feb 24 14:34:14 EST 2026] No pending sync request.
[Tue Feb 24 14:34:44 EST 2026] No pending sync request.
[Tue Feb 24 14:35:14 EST 2026] No pending sync request.
[Tue Feb 24 14:35:45 EST 2026] No pending sync request.
[Tue Feb 24 14:36:15 EST 2026] No pending sync request.
[Tue Feb 24 14:36:45 EST 2026] No pending sync request.
[Tue Feb 24 14:37:15 EST 2026] No pending sync request.
[Tue Feb 24 14:37:45 EST 2026] No pending sync request.
[Tue Feb 24 14:38:16 EST 2026] No pending sync request.
[Tue Feb 24 14:38:46 EST 2026] No pending sync request.
[Tue Feb 24 14:39:16 EST 2026] No pending sync request.
[Tue Feb 24 14:39:46 EST 2026] No pending sync request.
[Tue Feb 24 14:40:17 EST 2026] No pending sync request.
[Tue Feb 24 14:40:47 EST 2026] No pending sync request.
[Tue Feb 24 14:41:17 EST 2026] No pending sync request.
[Tue Feb 24 14:41:47 EST 2026] No pending sync request.
[Tue Feb 24 14:42:18 EST 2026] No pending sync request.
[Tue Feb 24 14:42:48 EST 2026] No pending sync request.
[Tue Feb 24 14:43:18 EST 2026] No pending sync request.
[Tue Feb 24 14:43:48 EST 2026] No pending sync request.
[Tue Feb 24 14:44:18 EST 2026] No pending sync request.
[Tue Feb 24 14:44:48 EST 2026] No pending sync request.
[Tue Feb 24 14:45:19 EST 2026] No pending sync request.
[Tue Feb 24 14:45:49 EST 2026] No pending sync request.
[Tue Feb 24 14:46:19 EST 2026] No pending sync request.
[Tue Feb 24 14:46:49 EST 2026] No pending sync request.
[Tue Feb 24 14:47:19 EST 2026] No pending sync request.
[Tue Feb 24 14:47:50 EST 2026] No pending sync request.
[Tue Feb 24 14:48:20 EST 2026] No pending sync request.
[Tue Feb 24 14:48:50 EST 2026] No pending sync request.
[Tue Feb 24 14:49:20 EST 2026] No pending sync request.
[Tue Feb 24 14:49:51 EST 2026] No pending sync request.
[Tue Feb 24 14:50:21 EST 2026] No pending sync request.
[Tue Feb 24 14:50:51 EST 2026] No pending sync request.
[Tue Feb 24 14:51:21 EST 2026] No pending sync request.
[Tue Feb 24 14:51:52 EST 2026] No pending sync request.
[Tue Feb 24 14:52:22 EST 2026] No pending sync request.
[Tue Feb 24 14:52:52 EST 2026] No pending sync request.
[Tue Feb 24 14:53:22 EST 2026] No pending sync request.
[Tue Feb 24 14:53:52 EST 2026] No pending sync request.
[Tue Feb 24 14:54:22 EST 2026] No pending sync request.
[Tue Feb 24 14:54:53 EST 2026] No pending sync request.
[Tue Feb 24 14:55:23 EST 2026] No pending sync request.
[Tue Feb 24 14:55:53 EST 2026] No pending sync request.
[Tue Feb 24 14:56:23 EST 2026] No pending sync request.
[Tue Feb 24 14:56:53 EST 2026] No pending sync request.
[Tue Feb 24 14:57:24 EST 2026] No pending sync request.
[Tue Feb 24 14:57:54 EST 2026] No pending sync request.
[Tue Feb 24 14:58:24 EST 2026] No pending sync request.
[Tue Feb 24 14:58:54 EST 2026] No pending sync request.
[Tue Feb 24 14:59:24 EST 2026] No pending sync request.
[Tue Feb 24 14:59:55 EST 2026] No pending sync request.
[Tue Feb 24 15:00:25 EST 2026] No pending sync request.
[Tue Feb 24 15:00:55 EST 2026] No pending sync request.
[Tue Feb 24 15:01:25 EST 2026] No pending sync request.
[Tue Feb 24 15:01:55 EST 2026] No pending sync request.
[Tue Feb 24 15:02:26 EST 2026] No pending sync request.
[Tue Feb 24 15:02:56 EST 2026] No pending sync request.
[Tue Feb 24 15:03:26 EST 2026] No pending sync request.
[Tue Feb 24 15:03:56 EST 2026] No pending sync request.
[Tue Feb 24 15:04:27 EST 2026] No pending sync request.
[Tue Feb 24 15:04:57 EST 2026] No pending sync request.
[Tue Feb 24 15:05:27 EST 2026] No pending sync request.
[Tue Feb 24 15:05:57 EST 2026] No pending sync request.
[Tue Feb 24 15:06:27 EST 2026] No pending sync request.
[Tue Feb 24 15:06:58 EST 2026] No pending sync request.
[Tue Feb 24 15:07:28 EST 2026] No pending sync request.
[Tue Feb 24 15:07:58 EST 2026] No pending sync request.
[Tue Feb 24 15:08:28 EST 2026] No pending sync request.
[Tue Feb 24 15:08:58 EST 2026] No pending sync request.
[Tue Feb 24 15:09:29 EST 2026] No pending sync request.
[Tue Feb 24 15:09:59 EST 2026] No pending sync request.
[Tue Feb 24 15:10:29 EST 2026] No pending sync request.
[Tue Feb 24 15:10:59 EST 2026] No pending sync request.
[Tue Feb 24 15:11:29 EST 2026] No pending sync request.
[Tue Feb 24 15:12:00 EST 2026] No pending sync request.
[Tue Feb 24 15:12:30 EST 2026] No pending sync request.
[Tue Feb 24 15:13:00 EST 2026] No pending sync request.
[Tue Feb 24 15:13:30 EST 2026] No pending sync request.
[Tue Feb 24 15:14:00 EST 2026] No pending sync request.
[Tue Feb 24 15:14:31 EST 2026] No pending sync request.
[Tue Feb 24 15:15:01 EST 2026] No pending sync request.
[Tue Feb 24 15:15:31 EST 2026] No pending sync request.
[Tue Feb 24 15:16:01 EST 2026] No pending sync request.
[Tue Feb 24 15:16:32 EST 2026] No pending sync request.
[Tue Feb 24 15:17:02 EST 2026] No pending sync request.
[Tue Feb 24 15:17:32 EST 2026] No pending sync request.
[Tue Feb 24 15:18:02 EST 2026] No pending sync request.
[Tue Feb 24 15:18:32 EST 2026] No pending sync request.
[Tue Feb 24 15:19:03 EST 2026] No pending sync request.
[Tue Feb 24 15:19:33 EST 2026] No pending sync request.
[Tue Feb 24 15:20:03 EST 2026] No pending sync request.
[Tue Feb 24 15:20:33 EST 2026] No pending sync request.
[Tue Feb 24 15:21:03 EST 2026] No pending sync request.
[Tue Feb 24 15:21:33 EST 2026] No pending sync request.
[Tue Feb 24 15:22:04 EST 2026] No pending sync request.
[Tue Feb 24 15:22:34 EST 2026] No pending sync request.
[Tue Feb 24 15:23:04 EST 2026] No pending sync request.
[Tue Feb 24 15:23:34 EST 2026] No pending sync request.
[Tue Feb 24 15:24:04 EST 2026] No pending sync request.
[Tue Feb 24 15:24:35 EST 2026] No pending sync request.
[Tue Feb 24 15:25:05 EST 2026] No pending sync request.
[Tue Feb 24 15:25:35 EST 2026] No pending sync request.
[Tue Feb 24 15:26:05 EST 2026] No pending sync request.
[Tue Feb 24 15:26:36 EST 2026] No pending sync request.
[Tue Feb 24 15:27:06 EST 2026] No pending sync request.
[Tue Feb 24 15:27:36 EST 2026] No pending sync request.
[Tue Feb 24 15:28:06 EST 2026] No pending sync request.
[Tue Feb 24 15:28:36 EST 2026] No pending sync request.
[Tue Feb 24 15:29:07 EST 2026] No pending sync request.
[Tue Feb 24 15:29:37 EST 2026] No pending sync request.
[Tue Feb 24 15:30:07 EST 2026] No pending sync request.
[Tue Feb 24 15:30:37 EST 2026] No pending sync request.
[Tue Feb 24 15:31:07 EST 2026] No pending sync request.
[Tue Feb 24 15:31:37 EST 2026] No pending sync request.
[Tue Feb 24 15:32:08 EST 2026] No pending sync request.
[Tue Feb 24 15:32:38 EST 2026] No pending sync request.
[Tue Feb 24 15:33:08 EST 2026] No pending sync request.
[Tue Feb 24 15:33:38 EST 2026] No pending sync request.
[Tue Feb 24 15:34:09 EST 2026] No pending sync request.
[Tue Feb 24 15:34:39 EST 2026] No pending sync request.
[Tue Feb 24 15:35:09 EST 2026] No pending sync request.
[Tue Feb 24 15:35:39 EST 2026] No pending sync request.
[Tue Feb 24 15:36:09 EST 2026] No pending sync request.
[Tue Feb 24 15:36:40 EST 2026] No pending sync request.
[Tue Feb 24 15:37:10 EST 2026] No pending sync request.
[Tue Feb 24 15:37:40 EST 2026] No pending sync request.
[Tue Feb 24 15:38:10 EST 2026] No pending sync request.
[Tue Feb 24 15:38:40 EST 2026] No pending sync request.
[Tue Feb 24 15:39:11 EST 2026] No pending sync request.
[Tue Feb 24 15:39:41 EST 2026] No pending sync request.
[Tue Feb 24 15:40:11 EST 2026] No pending sync request.
[Tue Feb 24 15:40:42 EST 2026] No pending sync request.
[Tue Feb 24 15:41:12 EST 2026] No pending sync request.
[Tue Feb 24 15:41:42 EST 2026] No pending sync request.
[Tue Feb 24 15:42:12 EST 2026] No pending sync request.
[Tue Feb 24 15:42:42 EST 2026] No pending sync request.
[Tue Feb 24 15:43:13 EST 2026] No pending sync request.
[Tue Feb 24 15:43:43 EST 2026] No pending sync request.
[Tue Feb 24 15:44:13 EST 2026] No pending sync request.
[Tue Feb 24 15:44:43 EST 2026] No pending sync request.
[Tue Feb 24 15:45:13 EST 2026] No pending sync request.
[Tue Feb 24 15:45:44 EST 2026] No pending sync request.
[Tue Feb 24 15:46:14 EST 2026] No pending sync request.
[Tue Feb 24 15:46:44 EST 2026] No pending sync request.
[Tue Feb 24 15:47:14 EST 2026] No pending sync request.
[Tue Feb 24 15:47:45 EST 2026] No pending sync request.
[Tue Feb 24 15:48:15 EST 2026] No pending sync request.
[Tue Feb 24 15:48:45 EST 2026] No pending sync request.
[Tue Feb 24 15:49:15 EST 2026] No pending sync request.
[Tue Feb 24 15:49:45 EST 2026] No pending sync request.
[Tue Feb 24 15:50:16 EST 2026] No pending sync request.
[Tue Feb 24 15:50:46 EST 2026] No pending sync request.
[Tue Feb 24 15:51:16 EST 2026] No pending sync request.
[Tue Feb 24 15:51:46 EST 2026] No pending sync request.
[Tue Feb 24 15:52:16 EST 2026] No pending sync request.
[Tue Feb 24 15:52:47 EST 2026] No pending sync request.
[Tue Feb 24 15:53:17 EST 2026] No pending sync request.
[Tue Feb 24 15:53:47 EST 2026] No pending sync request.
[Tue Feb 24 15:54:17 EST 2026] No pending sync request.
[Tue Feb 24 15:54:47 EST 2026] No pending sync request.
[Tue Feb 24 15:55:18 EST 2026] No pending sync request.
[Tue Feb 24 15:55:48 EST 2026] No pending sync request.
[Tue Feb 24 15:56:18 EST 2026] No pending sync request.
[Tue Feb 24 15:56:48 EST 2026] No pending sync request.
[Tue Feb 24 15:57:18 EST 2026] No pending sync request.
[Tue Feb 24 15:57:49 EST 2026] No pending sync request.
[Tue Feb 24 15:58:19 EST 2026] No pending sync request.
[Tue Feb 24 15:58:49 EST 2026] No pending sync request.
[Tue Feb 24 15:59:19 EST 2026] No pending sync request.
[Tue Feb 24 15:59:49 EST 2026] No pending sync request.
[Tue Feb 24 16:00:20 EST 2026] No pending sync request.
[Tue Feb 24 16:00:50 EST 2026] No pending sync request.
[Tue Feb 24 16:01:24 EST 2026] No pending sync request.
[Tue Feb 24 16:01:54 EST 2026] No pending sync request.
[Tue Feb 24 16:02:24 EST 2026] No pending sync request.
[Tue Feb 24 16:02:55 EST 2026] No pending sync request.
[Tue Feb 24 16:03:25 EST 2026] No pending sync request.
[Tue Feb 24 16:03:55 EST 2026] No pending sync request.
[Tue Feb 24 16:04:25 EST 2026] No pending sync request.
[Tue Feb 24 16:04:56 EST 2026] No pending sync request.
[Tue Feb 24 16:05:26 EST 2026] No pending sync request.
[Tue Feb 24 16:05:56 EST 2026] No pending sync request.
[Tue Feb 24 16:06:26 EST 2026] No pending sync request.
[Tue Feb 24 16:06:56 EST 2026] No pending sync request.
[Tue Feb 24 16:07:27 EST 2026] No pending sync request.
[Tue Feb 24 16:07:57 EST 2026] No pending sync request.
[Tue Feb 24 16:08:27 EST 2026] No pending sync request.
[Tue Feb 24 16:08:57 EST 2026] No pending sync request.
[Tue Feb 24 16:09:27 EST 2026] No pending sync request.
[Tue Feb 24 16:09:58 EST 2026] No pending sync request.
[Tue Feb 24 16:10:28 EST 2026] No pending sync request.
[Tue Feb 24 16:10:58 EST 2026] No pending sync request.
[Tue Feb 24 16:11:28 EST 2026] No pending sync request.
[Tue Feb 24 16:11:58 EST 2026] No pending sync request.
[Tue Feb 24 16:12:29 EST 2026] No pending sync request.
[Tue Feb 24 16:12:59 EST 2026] No pending sync request.
[Tue Feb 24 16:13:29 EST 2026] No pending sync request.
[Tue Feb 24 16:13:59 EST 2026] No pending sync request.
[Tue Feb 24 16:14:29 EST 2026] No pending sync request.
[Tue Feb 24 16:15:00 EST 2026] No pending sync request.
[Tue Feb 24 16:15:30 EST 2026] No pending sync request.
[Tue Feb 24 16:16:00 EST 2026] No pending sync request.
[Tue Feb 24 16:16:30 EST 2026] No pending sync request.
[Tue Feb 24 16:17:00 EST 2026] No pending sync request.
[Tue Feb 24 16:17:31 EST 2026] No pending sync request.
[Tue Feb 24 16:18:01 EST 2026] No pending sync request.
[Tue Feb 24 16:18:31 EST 2026] No pending sync request.
[Tue Feb 24 16:19:01 EST 2026] No pending sync request.
[Tue Feb 24 16:19:31 EST 2026] No pending sync request.
[Tue Feb 24 16:20:02 EST 2026] No pending sync request.
[Tue Feb 24 16:20:32 EST 2026] No pending sync request.
[Tue Feb 24 16:21:02 EST 2026] No pending sync request.
[Tue Feb 24 16:21:32 EST 2026] No pending sync request.
[Tue Feb 24 16:22:03 EST 2026] No pending sync request.
[Tue Feb 24 16:22:33 EST 2026] No pending sync request.
[Tue Feb 24 16:23:03 EST 2026] No pending sync request.
[Tue Feb 24 16:23:33 EST 2026] No pending sync request.
[Tue Feb 24 16:24:03 EST 2026] No pending sync request.
[Tue Feb 24 16:24:34 EST 2026] No pending sync request.
[Tue Feb 24 16:25:04 EST 2026] No pending sync request.
[Tue Feb 24 16:25:34 EST 2026] No pending sync request.
[Tue Feb 24 16:26:04 EST 2026] No pending sync request.
[Tue Feb 24 16:26:34 EST 2026] No pending sync request.
[Tue Feb 24 16:27:05 EST 2026] No pending sync request.
[Tue Feb 24 16:27:35 EST 2026] No pending sync request.
[Tue Feb 24 16:28:05 EST 2026] No pending sync request.
[Tue Feb 24 16:28:35 EST 2026] No pending sync request.
[Tue Feb 24 16:29:06 EST 2026] No pending sync request.
[Tue Feb 24 16:29:36 EST 2026] No pending sync request.
[Tue Feb 24 16:30:06 EST 2026] No pending sync request.
[Tue Feb 24 16:30:36 EST 2026] No pending sync request.
[Tue Feb 24 16:31:06 EST 2026] No pending sync request.
[Tue Feb 24 16:31:36 EST 2026] No pending sync request.
[Tue Feb 24 16:32:07 EST 2026] No pending sync request.
[Tue Feb 24 16:32:37 EST 2026] No pending sync request.
[Tue Feb 24 16:33:07 EST 2026] No pending sync request.
[Tue Feb 24 16:33:37 EST 2026] No pending sync request.
[Tue Feb 24 16:34:07 EST 2026] No pending sync request.
[Tue Feb 24 16:34:38 EST 2026] No pending sync request.
[Tue Feb 24 16:35:08 EST 2026] No pending sync request.
[Tue Feb 24 16:35:38 EST 2026] No pending sync request.
[Tue Feb 24 16:36:08 EST 2026] No pending sync request.
[Tue Feb 24 16:36:38 EST 2026] No pending sync request.
[Tue Feb 24 16:37:09 EST 2026] No pending sync request.
[Tue Feb 24 16:37:39 EST 2026] No pending sync request.
[Tue Feb 24 16:38:09 EST 2026] No pending sync request.
[Tue Feb 24 16:38:39 EST 2026] No pending sync request.
[Tue Feb 24 16:39:09 EST 2026] No pending sync request.
[Tue Feb 24 16:39:39 EST 2026] No pending sync request.
[Tue Feb 24 16:40:10 EST 2026] No pending sync request.
[Tue Feb 24 16:40:40 EST 2026] No pending sync request.
[Tue Feb 24 16:41:10 EST 2026] No pending sync request.
[Tue Feb 24 16:41:40 EST 2026] No pending sync request.
[Tue Feb 24 16:42:11 EST 2026] No pending sync request.
[Tue Feb 24 16:42:41 EST 2026] No pending sync request.
[Tue Feb 24 16:43:11 EST 2026] No pending sync request.
[Tue Feb 24 16:43:41 EST 2026] No pending sync request.
[Tue Feb 24 16:44:11 EST 2026] No pending sync request.
[Tue Feb 24 16:44:42 EST 2026] No pending sync request.
[Tue Feb 24 16:45:12 EST 2026] No pending sync request.
[Tue Feb 24 16:45:42 EST 2026] No pending sync request.
[Tue Feb 24 16:46:12 EST 2026] No pending sync request.
[Tue Feb 24 16:46:42 EST 2026] No pending sync request.
[Tue Feb 24 16:47:13 EST 2026] No pending sync request.
[Tue Feb 24 16:47:43 EST 2026] No pending sync request.
[Tue Feb 24 16:48:13 EST 2026] No pending sync request.
[Tue Feb 24 16:48:43 EST 2026] No pending sync request.
[Tue Feb 24 16:49:13 EST 2026] No pending sync request.
[Tue Feb 24 16:49:44 EST 2026] No pending sync request.
[Tue Feb 24 16:50:14 EST 2026] No pending sync request.
[Tue Feb 24 16:50:44 EST 2026] No pending sync request.
[Tue Feb 24 16:51:14 EST 2026] No pending sync request.
[Tue Feb 24 16:51:45 EST 2026] No pending sync request.
[Tue Feb 24 16:52:15 EST 2026] No pending sync request.
[Tue Feb 24 16:52:45 EST 2026] No pending sync request.
[Tue Feb 24 16:53:15 EST 2026] No pending sync request.
[Tue Feb 24 16:53:46 EST 2026] No pending sync request.
[Tue Feb 24 16:54:16 EST 2026] No pending sync request.
[Tue Feb 24 16:54:46 EST 2026] No pending sync request.
[Tue Feb 24 16:55:16 EST 2026] No pending sync request.
[Tue Feb 24 16:55:46 EST 2026] No pending sync request.
[Tue Feb 24 16:56:17 EST 2026] No pending sync request.
[Tue Feb 24 16:56:47 EST 2026] No pending sync request.
[Tue Feb 24 16:57:17 EST 2026] No pending sync request.
[Tue Feb 24 16:57:47 EST 2026] No pending sync request.
[Tue Feb 24 16:58:17 EST 2026] No pending sync request.
[Tue Feb 24 16:58:48 EST 2026] No pending sync request.
[Tue Feb 24 16:59:18 EST 2026] No pending sync request.
[Tue Feb 24 16:59:48 EST 2026] No pending sync request.
[Tue Feb 24 17:00:19 EST 2026] No pending sync request.
[Tue Feb 24 17:00:49 EST 2026] No pending sync request.
[Tue Feb 24 17:01:19 EST 2026] No pending sync request.
[Tue Feb 24 17:01:49 EST 2026] No pending sync request.
[Tue Feb 24 17:02:19 EST 2026] No pending sync request.
[Tue Feb 24 17:02:49 EST 2026] No pending sync request.
[Tue Feb 24 17:03:20 EST 2026] No pending sync request.
[Tue Feb 24 17:03:50 EST 2026] No pending sync request.
[Tue Feb 24 17:04:20 EST 2026] No pending sync request.
[Tue Feb 24 17:04:50 EST 2026] No pending sync request.
[Tue Feb 24 17:05:21 EST 2026] No pending sync request.
[Tue Feb 24 17:05:51 EST 2026] No pending sync request.
[Tue Feb 24 17:06:21 EST 2026] No pending sync request.
[Tue Feb 24 17:06:51 EST 2026] No pending sync request.
[Tue Feb 24 17:07:21 EST 2026] No pending sync request.
[Tue Feb 24 17:07:52 EST 2026] No pending sync request.
[Tue Feb 24 17:08:22 EST 2026] No pending sync request.
[Tue Feb 24 17:08:53 EST 2026] No pending sync request.
[Tue Feb 24 17:09:23 EST 2026] No pending sync request.
[Tue Feb 24 17:09:53 EST 2026] No pending sync request.
[Tue Feb 24 17:10:23 EST 2026] No pending sync request.
[Tue Feb 24 17:10:53 EST 2026] No pending sync request.
[Tue Feb 24 17:11:24 EST 2026] No pending sync request.
[Tue Feb 24 17:11:54 EST 2026] No pending sync request.
[Tue Feb 24 17:12:24 EST 2026] No pending sync request.
[Tue Feb 24 17:12:54 EST 2026] No pending sync request.
[Tue Feb 24 17:13:24 EST 2026] No pending sync request.
[Tue Feb 24 17:13:55 EST 2026] No pending sync request.
[Tue Feb 24 17:14:25 EST 2026] No pending sync request.
[Tue Feb 24 17:14:55 EST 2026] No pending sync request.
[Tue Feb 24 17:15:25 EST 2026] No pending sync request.
[Tue Feb 24 17:15:55 EST 2026] No pending sync request.
[Tue Feb 24 17:16:26 EST 2026] No pending sync request.
[Tue Feb 24 17:16:56 EST 2026] No pending sync request.
[Tue Feb 24 17:17:26 EST 2026] No pending sync request.
[Tue Feb 24 17:17:56 EST 2026] No pending sync request.
[Tue Feb 24 17:18:26 EST 2026] No pending sync request.
[Tue Feb 24 17:18:57 EST 2026] No pending sync request.
[Tue Feb 24 17:19:27 EST 2026] No pending sync request.
[Tue Feb 24 17:19:57 EST 2026] No pending sync request.
[Tue Feb 24 17:20:27 EST 2026] No pending sync request.
[Tue Feb 24 17:20:58 EST 2026] No pending sync request.
[Tue Feb 24 17:21:28 EST 2026] No pending sync request.
[Tue Feb 24 17:21:58 EST 2026] No pending sync request.
[Tue Feb 24 17:22:28 EST 2026] No pending sync request.
[Tue Feb 24 17:22:59 EST 2026] No pending sync request.
[Tue Feb 24 17:23:29 EST 2026] No pending sync request.
[Tue Feb 24 17:23:59 EST 2026] No pending sync request.
[Tue Feb 24 17:24:29 EST 2026] No pending sync request.
[Tue Feb 24 17:24:59 EST 2026] No pending sync request.
[Tue Feb 24 17:25:30 EST 2026] No pending sync request.
[Tue Feb 24 17:26:00 EST 2026] No pending sync request.
[Tue Feb 24 17:26:30 EST 2026] No pending sync request.
[Tue Feb 24 17:27:00 EST 2026] No pending sync request.
[Tue Feb 24 17:27:30 EST 2026] No pending sync request.
[Tue Feb 24 17:28:01 EST 2026] No pending sync request.
[Tue Feb 24 17:28:31 EST 2026] No pending sync request.
[Tue Feb 24 17:29:01 EST 2026] No pending sync request.
[Tue Feb 24 17:29:31 EST 2026] No pending sync request.
[Tue Feb 24 17:30:01 EST 2026] No pending sync request.
[Tue Feb 24 17:30:32 EST 2026] No pending sync request.
[Tue Feb 24 17:31:02 EST 2026] No pending sync request.
[Tue Feb 24 17:31:32 EST 2026] No pending sync request.
[Tue Feb 24 17:32:02 EST 2026] No pending sync request.
[Tue Feb 24 17:32:32 EST 2026] No pending sync request.
[Tue Feb 24 17:33:02 EST 2026] No pending sync request.
[Tue Feb 24 17:33:33 EST 2026] No pending sync request.
[Tue Feb 24 17:34:03 EST 2026] No pending sync request.
[Tue Feb 24 17:34:33 EST 2026] No pending sync request.
[Tue Feb 24 17:35:03 EST 2026] No pending sync request.
[Tue Feb 24 17:35:33 EST 2026] No pending sync request.
[Tue Feb 24 17:36:04 EST 2026] No pending sync request.
[Tue Feb 24 17:36:34 EST 2026] No pending sync request.
[Tue Feb 24 17:37:04 EST 2026] No pending sync request.
[Tue Feb 24 17:37:34 EST 2026] No pending sync request.
[Tue Feb 24 17:38:04 EST 2026] No pending sync request.
[Tue Feb 24 17:38:35 EST 2026] No pending sync request.
[Tue Feb 24 17:39:05 EST 2026] No pending sync request.
[Tue Feb 24 17:39:35 EST 2026] No pending sync request.
[Tue Feb 24 17:40:05 EST 2026] No pending sync request.
[Tue Feb 24 17:40:35 EST 2026] No pending sync request.
[Tue Feb 24 17:41:06 EST 2026] No pending sync request.
[Tue Feb 24 17:41:36 EST 2026] No pending sync request.
[Tue Feb 24 17:42:06 EST 2026] No pending sync request.
[Tue Feb 24 17:42:36 EST 2026] No pending sync request.
[Tue Feb 24 17:43:06 EST 2026] No pending sync request.
[Tue Feb 24 17:43:37 EST 2026] No pending sync request.
[Tue Feb 24 17:44:07 EST 2026] No pending sync request.
[Tue Feb 24 17:44:37 EST 2026] No pending sync request.
[Tue Feb 24 17:45:07 EST 2026] No pending sync request.
[Tue Feb 24 17:45:37 EST 2026] No pending sync request.
[Tue Feb 24 17:46:08 EST 2026] No pending sync request.
[Tue Feb 24 17:46:38 EST 2026] No pending sync request.
[Tue Feb 24 17:47:08 EST 2026] No pending sync request.
[Tue Feb 24 17:47:38 EST 2026] No pending sync request.
[Tue Feb 24 17:48:08 EST 2026] No pending sync request.
[Tue Feb 24 17:48:39 EST 2026] No pending sync request.
[Tue Feb 24 17:49:09 EST 2026] No pending sync request.
[Tue Feb 24 17:49:39 EST 2026] No pending sync request.
[Tue Feb 24 17:50:09 EST 2026] No pending sync request.
[Tue Feb 24 17:50:39 EST 2026] No pending sync request.
[Tue Feb 24 17:51:10 EST 2026] No pending sync request.
[Tue Feb 24 17:51:40 EST 2026] No pending sync request.
[Tue Feb 24 17:52:10 EST 2026] No pending sync request.
[Tue Feb 24 17:52:40 EST 2026] No pending sync request.
[Tue Feb 24 17:53:10 EST 2026] No pending sync request.
[Tue Feb 24 17:53:41 EST 2026] No pending sync request.
[Tue Feb 24 17:54:11 EST 2026] No pending sync request.
[Tue Feb 24 17:54:41 EST 2026] No pending sync request.
[Tue Feb 24 17:55:11 EST 2026] No pending sync request.
[Tue Feb 24 17:55:41 EST 2026] No pending sync request.
[Tue Feb 24 17:56:12 EST 2026] No pending sync request.
[Tue Feb 24 17:56:42 EST 2026] No pending sync request.
[Tue Feb 24 17:57:12 EST 2026] No pending sync request.
[Tue Feb 24 17:57:42 EST 2026] No pending sync request.
[Tue Feb 24 17:58:12 EST 2026] No pending sync request.
[Tue Feb 24 17:58:43 EST 2026] No pending sync request.
[Tue Feb 24 17:59:13 EST 2026] No pending sync request.
[Tue Feb 24 17:59:43 EST 2026] No pending sync request.
[Tue Feb 24 18:00:13 EST 2026] No pending sync request.
[Tue Feb 24 18:00:44 EST 2026] No pending sync request.
[Tue Feb 24 18:01:14 EST 2026] No pending sync request.
[Tue Feb 24 18:01:44 EST 2026] No pending sync request.
[Tue Feb 24 18:02:14 EST 2026] No pending sync request.
[Tue Feb 24 18:02:44 EST 2026] No pending sync request.
[Tue Feb 24 18:03:15 EST 2026] No pending sync request.
[Tue Feb 24 18:03:45 EST 2026] No pending sync request.
[Tue Feb 24 18:04:15 EST 2026] No pending sync request.
[Tue Feb 24 18:04:45 EST 2026] No pending sync request.
[Tue Feb 24 18:05:15 EST 2026] No pending sync request.
[Tue Feb 24 18:05:46 EST 2026] No pending sync request.
[Tue Feb 24 18:06:16 EST 2026] No pending sync request.
[Tue Feb 24 18:06:46 EST 2026] No pending sync request.
[Tue Feb 24 18:07:16 EST 2026] No pending sync request.
[Tue Feb 24 18:07:46 EST 2026] No pending sync request.
[Tue Feb 24 18:08:17 EST 2026] No pending sync request.
[Tue Feb 24 18:08:47 EST 2026] No pending sync request.
[Tue Feb 24 18:09:17 EST 2026] No pending sync request.
[Tue Feb 24 18:09:47 EST 2026] No pending sync request.
[Tue Feb 24 18:10:17 EST 2026] No pending sync request.
[Tue Feb 24 18:10:48 EST 2026] No pending sync request.
[Tue Feb 24 18:11:18 EST 2026] No pending sync request.
[Tue Feb 24 18:11:48 EST 2026] No pending sync request.
[Tue Feb 24 18:12:18 EST 2026] No pending sync request.
[Tue Feb 24 18:12:48 EST 2026] No pending sync request.
[Tue Feb 24 18:13:19 EST 2026] No pending sync request.
[Tue Feb 24 18:13:49 EST 2026] No pending sync request.
[Tue Feb 24 18:14:19 EST 2026] No pending sync request.
[Tue Feb 24 18:14:49 EST 2026] No pending sync request.
[Tue Feb 24 18:15:19 EST 2026] No pending sync request.
[Tue Feb 24 18:15:49 EST 2026] No pending sync request.
[Tue Feb 24 18:16:20 EST 2026] No pending sync request.
[Tue Feb 24 18:16:50 EST 2026] No pending sync request.
[Tue Feb 24 18:17:20 EST 2026] No pending sync request.
[Tue Feb 24 18:17:50 EST 2026] No pending sync request.
[Tue Feb 24 18:18:20 EST 2026] No pending sync request.
[Tue Feb 24 18:18:51 EST 2026] No pending sync request.
[Tue Feb 24 18:19:21 EST 2026] No pending sync request.
[Tue Feb 24 18:19:51 EST 2026] No pending sync request.
[Tue Feb 24 18:20:21 EST 2026] No pending sync request.
[Tue Feb 24 18:20:51 EST 2026] No pending sync request.
[Tue Feb 24 18:21:22 EST 2026] No pending sync request.
[Tue Feb 24 18:21:52 EST 2026] No pending sync request.
[Tue Feb 24 18:22:22 EST 2026] No pending sync request.
[Tue Feb 24 18:22:52 EST 2026] No pending sync request.
[Tue Feb 24 18:23:22 EST 2026] No pending sync request.
[Tue Feb 24 18:23:53 EST 2026] No pending sync request.
[Tue Feb 24 18:24:23 EST 2026] No pending sync request.
[Tue Feb 24 18:24:53 EST 2026] No pending sync request.
[Tue Feb 24 18:25:23 EST 2026] No pending sync request.
[Tue Feb 24 18:25:53 EST 2026] No pending sync request.
[Tue Feb 24 18:26:24 EST 2026] No pending sync request.
[Tue Feb 24 18:26:54 EST 2026] No pending sync request.
[Tue Feb 24 18:27:24 EST 2026] No pending sync request.
[Tue Feb 24 18:27:54 EST 2026] No pending sync request.
[Tue Feb 24 18:28:24 EST 2026] No pending sync request.
[Tue Feb 24 18:28:55 EST 2026] No pending sync request.
[Tue Feb 24 18:29:25 EST 2026] No pending sync request.
[Tue Feb 24 18:29:55 EST 2026] No pending sync request.
[Tue Feb 24 18:30:25 EST 2026] No pending sync request.
[Tue Feb 24 18:30:55 EST 2026] No pending sync request.
[Tue Feb 24 18:31:26 EST 2026] No pending sync request.
[Tue Feb 24 18:31:56 EST 2026] No pending sync request.
[Tue Feb 24 18:32:26 EST 2026] No pending sync request.
[Tue Feb 24 18:32:56 EST 2026] No pending sync request.
[Tue Feb 24 18:33:26 EST 2026] No pending sync request.
[Tue Feb 24 18:33:57 EST 2026] No pending sync request.
[Tue Feb 24 18:34:27 EST 2026] No pending sync request.
[Tue Feb 24 18:34:57 EST 2026] No pending sync request.
[Tue Feb 24 18:35:27 EST 2026] No pending sync request.
[Tue Feb 24 18:35:57 EST 2026] No pending sync request.
[Tue Feb 24 18:36:28 EST 2026] No pending sync request.
[Tue Feb 24 18:36:58 EST 2026] No pending sync request.
[Tue Feb 24 18:37:28 EST 2026] No pending sync request.
[Tue Feb 24 18:37:58 EST 2026] No pending sync request.
[Tue Feb 24 18:38:28 EST 2026] No pending sync request.
[Tue Feb 24 18:38:59 EST 2026] No pending sync request.
[Tue Feb 24 18:39:29 EST 2026] No pending sync request.
[Tue Feb 24 18:39:59 EST 2026] No pending sync request.
[Tue Feb 24 18:40:29 EST 2026] No pending sync request.
[Tue Feb 24 18:40:59 EST 2026] No pending sync request.
[Tue Feb 24 18:41:30 EST 2026] No pending sync request.
[Tue Feb 24 18:42:00 EST 2026] No pending sync request.
[Tue Feb 24 18:42:30 EST 2026] No pending sync request.
[Tue Feb 24 18:43:00 EST 2026] No pending sync request.
[Tue Feb 24 18:43:30 EST 2026] No pending sync request.
[Tue Feb 24 18:44:01 EST 2026] No pending sync request.
[Tue Feb 24 18:44:31 EST 2026] No pending sync request.
[Tue Feb 24 18:45:01 EST 2026] No pending sync request.
[Tue Feb 24 18:45:31 EST 2026] No pending sync request.
[Tue Feb 24 18:46:01 EST 2026] No pending sync request.
[Tue Feb 24 18:46:32 EST 2026] No pending sync request.
[Tue Feb 24 18:47:02 EST 2026] No pending sync request.
[Tue Feb 24 18:47:32 EST 2026] No pending sync request.
[Tue Feb 24 18:48:02 EST 2026] No pending sync request.
[Tue Feb 24 18:48:32 EST 2026] No pending sync request.
[Tue Feb 24 18:49:03 EST 2026] No pending sync request.
[Tue Feb 24 18:49:33 EST 2026] No pending sync request.
[Tue Feb 24 18:50:03 EST 2026] No pending sync request.
[Tue Feb 24 18:50:33 EST 2026] No pending sync request.
[Tue Feb 24 18:51:03 EST 2026] No pending sync request.
[Tue Feb 24 18:51:34 EST 2026] No pending sync request.
[Tue Feb 24 18:52:04 EST 2026] No pending sync request.
[Tue Feb 24 18:52:34 EST 2026] No pending sync request.
[Tue Feb 24 18:53:04 EST 2026] No pending sync request.
[Tue Feb 24 18:53:34 EST 2026] No pending sync request.
[Tue Feb 24 18:54:05 EST 2026] No pending sync request.
[Tue Feb 24 18:54:35 EST 2026] No pending sync request.
[Tue Feb 24 18:55:05 EST 2026] No pending sync request.
[Tue Feb 24 18:55:35 EST 2026] No pending sync request.
[Tue Feb 24 18:56:05 EST 2026] No pending sync request.
[Tue Feb 24 18:56:36 EST 2026] No pending sync request.
[Tue Feb 24 18:57:06 EST 2026] No pending sync request.
[Tue Feb 24 18:57:36 EST 2026] No pending sync request.
[Tue Feb 24 18:58:06 EST 2026] No pending sync request.
[Tue Feb 24 18:58:36 EST 2026] No pending sync request.
[Tue Feb 24 18:59:07 EST 2026] No pending sync request.
[Tue Feb 24 18:59:37 EST 2026] No pending sync request.
[Tue Feb 24 19:00:07 EST 2026] No pending sync request.
[Tue Feb 24 19:00:37 EST 2026] No pending sync request.
[Tue Feb 24 19:01:07 EST 2026] No pending sync request.
[Tue Feb 24 19:01:38 EST 2026] No pending sync request.
[Tue Feb 24 19:02:08 EST 2026] No pending sync request.
[Tue Feb 24 19:02:38 EST 2026] No pending sync request.
[Tue Feb 24 19:03:08 EST 2026] No pending sync request.
[Tue Feb 24 19:03:38 EST 2026] No pending sync request.
[Tue Feb 24 19:04:09 EST 2026] No pending sync request.
[Tue Feb 24 19:04:39 EST 2026] No pending sync request.
[Tue Feb 24 19:05:09 EST 2026] No pending sync request.
[Tue Feb 24 19:05:39 EST 2026] No pending sync request.
[Tue Feb 24 19:06:10 EST 2026] No pending sync request.
[Tue Feb 24 19:06:40 EST 2026] No pending sync request.
[Tue Feb 24 19:07:10 EST 2026] No pending sync request.
[Tue Feb 24 19:07:40 EST 2026] No pending sync request.
[Tue Feb 24 19:08:10 EST 2026] No pending sync request.
[Tue Feb 24 19:08:41 EST 2026] No pending sync request.
[Tue Feb 24 19:09:11 EST 2026] No pending sync request.
[Tue Feb 24 19:09:41 EST 2026] No pending sync request.
[Tue Feb 24 19:10:11 EST 2026] No pending sync request.
[Tue Feb 24 19:10:41 EST 2026] No pending sync request.
[Tue Feb 24 19:11:12 EST 2026] No pending sync request.
[Tue Feb 24 19:11:42 EST 2026] No pending sync request.
[Tue Feb 24 19:12:12 EST 2026] No pending sync request.
[Tue Feb 24 19:12:42 EST 2026] No pending sync request.
[Tue Feb 24 19:13:12 EST 2026] No pending sync request.
[Tue Feb 24 19:13:43 EST 2026] No pending sync request.
[Tue Feb 24 19:14:13 EST 2026] No pending sync request.
[Tue Feb 24 19:14:43 EST 2026] No pending sync request.
[Tue Feb 24 19:15:13 EST 2026] No pending sync request.
[Tue Feb 24 19:15:43 EST 2026] No pending sync request.
[Tue Feb 24 19:16:14 EST 2026] No pending sync request.
[Tue Feb 24 19:16:44 EST 2026] No pending sync request.
[Tue Feb 24 19:17:14 EST 2026] No pending sync request.
[Tue Feb 24 19:17:44 EST 2026] No pending sync request.
[Tue Feb 24 19:18:14 EST 2026] No pending sync request.
[Tue Feb 24 19:18:45 EST 2026] No pending sync request.
[Tue Feb 24 19:19:15 EST 2026] No pending sync request.
[Tue Feb 24 19:19:45 EST 2026] No pending sync request.
[Tue Feb 24 19:20:15 EST 2026] No pending sync request.
[Tue Feb 24 19:20:46 EST 2026] No pending sync request.
[Tue Feb 24 19:21:16 EST 2026] No pending sync request.
[Tue Feb 24 19:21:46 EST 2026] No pending sync request.
[Tue Feb 24 19:22:16 EST 2026] No pending sync request.
[Tue Feb 24 19:22:46 EST 2026] No pending sync request.
[Tue Feb 24 19:23:17 EST 2026] No pending sync request.
[Tue Feb 24 19:23:47 EST 2026] No pending sync request.
[Tue Feb 24 19:24:17 EST 2026] No pending sync request.
[Tue Feb 24 19:24:47 EST 2026] No pending sync request.
[Tue Feb 24 19:25:17 EST 2026] No pending sync request.
[Tue Feb 24 19:25:48 EST 2026] No pending sync request.
[Tue Feb 24 19:26:18 EST 2026] No pending sync request.
[Tue Feb 24 19:26:48 EST 2026] No pending sync request.
[Tue Feb 24 19:27:18 EST 2026] No pending sync request.
[Tue Feb 24 19:27:49 EST 2026] No pending sync request.
[Tue Feb 24 19:28:19 EST 2026] No pending sync request.
[Tue Feb 24 19:28:49 EST 2026] No pending sync request.
[Tue Feb 24 19:29:19 EST 2026] No pending sync request.
[Tue Feb 24 19:29:50 EST 2026] No pending sync request.
[Tue Feb 24 19:30:20 EST 2026] No pending sync request.
[Tue Feb 24 19:30:50 EST 2026] No pending sync request.
[Tue Feb 24 19:31:20 EST 2026] No pending sync request.
[Tue Feb 24 19:31:50 EST 2026] No pending sync request.
[Tue Feb 24 19:32:21 EST 2026] No pending sync request.
[Tue Feb 24 19:32:51 EST 2026] No pending sync request.
[Tue Feb 24 19:33:21 EST 2026] No pending sync request.
[Tue Feb 24 19:33:51 EST 2026] No pending sync request.
[Tue Feb 24 19:34:21 EST 2026] No pending sync request.
[Tue Feb 24 19:34:52 EST 2026] No pending sync request.
[Tue Feb 24 19:35:22 EST 2026] No pending sync request.
[Tue Feb 24 19:35:52 EST 2026] No pending sync request.
[Tue Feb 24 19:36:22 EST 2026] No pending sync request.
[Tue Feb 24 19:36:52 EST 2026] No pending sync request.
[Tue Feb 24 19:37:23 EST 2026] No pending sync request.
[Tue Feb 24 19:37:53 EST 2026] No pending sync request.
[Tue Feb 24 19:38:23 EST 2026] No pending sync request.
[Tue Feb 24 19:38:53 EST 2026] No pending sync request.
[Tue Feb 24 19:39:23 EST 2026] No pending sync request.
[Tue Feb 24 19:39:54 EST 2026] No pending sync request.
[Tue Feb 24 19:40:24 EST 2026] No pending sync request.
[Tue Feb 24 19:40:54 EST 2026] No pending sync request.
[Tue Feb 24 19:41:24 EST 2026] No pending sync request.
[Tue Feb 24 19:41:54 EST 2026] No pending sync request.
[Tue Feb 24 19:42:25 EST 2026] No pending sync request.
[Tue Feb 24 19:42:55 EST 2026] No pending sync request.
[Tue Feb 24 19:43:25 EST 2026] No pending sync request.
[Tue Feb 24 19:43:55 EST 2026] No pending sync request.
[Tue Feb 24 19:44:25 EST 2026] No pending sync request.
[Tue Feb 24 19:44:56 EST 2026] No pending sync request.
[Tue Feb 24 19:45:26 EST 2026] No pending sync request.
[Tue Feb 24 19:45:56 EST 2026] No pending sync request.
[Tue Feb 24 19:46:26 EST 2026] No pending sync request.
[Tue Feb 24 19:46:56 EST 2026] No pending sync request.
[Tue Feb 24 19:47:27 EST 2026] No pending sync request.
[Tue Feb 24 19:47:57 EST 2026] No pending sync request.
[Tue Feb 24 19:48:27 EST 2026] No pending sync request.
[Tue Feb 24 19:48:57 EST 2026] No pending sync request.
[Tue Feb 24 19:49:28 EST 2026] No pending sync request.
[Tue Feb 24 19:49:58 EST 2026] No pending sync request.
[Tue Feb 24 19:50:28 EST 2026] No pending sync request.
[Tue Feb 24 19:50:58 EST 2026] No pending sync request.
[Tue Feb 24 19:51:28 EST 2026] No pending sync request.
[Tue Feb 24 19:51:59 EST 2026] No pending sync request.
[Tue Feb 24 19:52:29 EST 2026] No pending sync request.
[Tue Feb 24 19:52:59 EST 2026] No pending sync request.
[Tue Feb 24 19:53:29 EST 2026] No pending sync request.
[Tue Feb 24 19:53:59 EST 2026] No pending sync request.
[Tue Feb 24 19:54:30 EST 2026] No pending sync request.
[Tue Feb 24 19:55:00 EST 2026] No pending sync request.
[Tue Feb 24 19:55:30 EST 2026] No pending sync request.
[Tue Feb 24 19:56:00 EST 2026] No pending sync request.
[Tue Feb 24 19:56:30 EST 2026] No pending sync request.
[Tue Feb 24 19:57:01 EST 2026] No pending sync request.
[Tue Feb 24 19:57:31 EST 2026] No pending sync request.
[Tue Feb 24 19:58:01 EST 2026] No pending sync request.
[Tue Feb 24 19:58:31 EST 2026] No pending sync request.
[Tue Feb 24 19:59:01 EST 2026] No pending sync request.
[Tue Feb 24 19:59:32 EST 2026] No pending sync request.
[Tue Feb 24 20:00:02 EST 2026] No pending sync request.
[Tue Feb 24 20:00:32 EST 2026] No pending sync request.
[Tue Feb 24 20:01:02 EST 2026] No pending sync request.
[Tue Feb 24 20:01:32 EST 2026] No pending sync request.
[Tue Feb 24 20:02:03 EST 2026] No pending sync request.
[Tue Feb 24 20:02:33 EST 2026] No pending sync request.
[Tue Feb 24 20:03:03 EST 2026] No pending sync request.
[Tue Feb 24 20:03:33 EST 2026] No pending sync request.
[Tue Feb 24 20:04:03 EST 2026] No pending sync request.
[Tue Feb 24 20:04:34 EST 2026] No pending sync request.
[Tue Feb 24 20:05:04 EST 2026] No pending sync request.
[Tue Feb 24 20:05:34 EST 2026] No pending sync request.
[Tue Feb 24 20:06:04 EST 2026] No pending sync request.
[Tue Feb 24 20:06:34 EST 2026] No pending sync request.
[Tue Feb 24 20:07:05 EST 2026] No pending sync request.
[Tue Feb 24 20:07:35 EST 2026] No pending sync request.
[Tue Feb 24 20:08:05 EST 2026] No pending sync request.
[Tue Feb 24 20:08:35 EST 2026] No pending sync request.
[Tue Feb 24 20:09:06 EST 2026] No pending sync request.
[Tue Feb 24 20:09:36 EST 2026] No pending sync request.
[Tue Feb 24 20:10:06 EST 2026] No pending sync request.
[Tue Feb 24 20:10:36 EST 2026] No pending sync request.
[Tue Feb 24 20:11:06 EST 2026] No pending sync request.
[Tue Feb 24 20:11:37 EST 2026] No pending sync request.
[Tue Feb 24 20:12:07 EST 2026] No pending sync request.
[Tue Feb 24 20:12:37 EST 2026] No pending sync request.
[Tue Feb 24 20:13:07 EST 2026] No pending sync request.
[Tue Feb 24 20:13:37 EST 2026] No pending sync request.
[Tue Feb 24 20:14:08 EST 2026] No pending sync request.
[Tue Feb 24 20:14:38 EST 2026] No pending sync request.
[Tue Feb 24 20:15:08 EST 2026] No pending sync request.
[Tue Feb 24 20:15:38 EST 2026] No pending sync request.
[Tue Feb 24 20:16:08 EST 2026] No pending sync request.
[Tue Feb 24 20:16:39 EST 2026] No pending sync request.
[Tue Feb 24 20:17:09 EST 2026] No pending sync request.
[Tue Feb 24 20:17:39 EST 2026] No pending sync request.
[Tue Feb 24 20:18:09 EST 2026] No pending sync request.
[Tue Feb 24 20:18:39 EST 2026] No pending sync request.
[Tue Feb 24 20:19:10 EST 2026] No pending sync request.
[Tue Feb 24 20:19:40 EST 2026] No pending sync request.
[Tue Feb 24 20:20:10 EST 2026] No pending sync request.
[Tue Feb 24 20:20:40 EST 2026] No pending sync request.
[Tue Feb 24 20:21:10 EST 2026] No pending sync request.
[Tue Feb 24 20:21:41 EST 2026] No pending sync request.
[Tue Feb 24 20:22:11 EST 2026] No pending sync request.
[Tue Feb 24 20:22:41 EST 2026] No pending sync request.
[Tue Feb 24 20:23:11 EST 2026] No pending sync request.
[Tue Feb 24 20:23:41 EST 2026] No pending sync request.
[Tue Feb 24 20:24:12 EST 2026] No pending sync request.
[Tue Feb 24 20:24:42 EST 2026] No pending sync request.
[Tue Feb 24 20:25:12 EST 2026] No pending sync request.
[Tue Feb 24 20:25:42 EST 2026] No pending sync request.
[Tue Feb 24 20:26:13 EST 2026] No pending sync request.
[Tue Feb 24 20:26:43 EST 2026] No pending sync request.
[Tue Feb 24 20:27:13 EST 2026] No pending sync request.
[Tue Feb 24 20:27:43 EST 2026] No pending sync request.
[Tue Feb 24 20:28:13 EST 2026] No pending sync request.
[Tue Feb 24 20:28:44 EST 2026] No pending sync request.
[Tue Feb 24 20:29:14 EST 2026] No pending sync request.
[Tue Feb 24 20:29:44 EST 2026] No pending sync request.
[Tue Feb 24 20:30:14 EST 2026] No pending sync request.
[Tue Feb 24 20:30:44 EST 2026] No pending sync request.
[Tue Feb 24 20:31:15 EST 2026] No pending sync request.
[Tue Feb 24 20:31:45 EST 2026] No pending sync request.
[Tue Feb 24 20:32:15 EST 2026] No pending sync request.
[Tue Feb 24 20:32:45 EST 2026] No pending sync request.
[Tue Feb 24 20:33:15 EST 2026] No pending sync request.
[Tue Feb 24 20:33:46 EST 2026] No pending sync request.
[Tue Feb 24 20:34:16 EST 2026] No pending sync request.
[Tue Feb 24 20:34:46 EST 2026] No pending sync request.
[Tue Feb 24 20:35:16 EST 2026] No pending sync request.
[Tue Feb 24 20:35:46 EST 2026] No pending sync request.
[Tue Feb 24 20:36:17 EST 2026] No pending sync request.
[Tue Feb 24 20:36:47 EST 2026] No pending sync request.
[Tue Feb 24 20:37:17 EST 2026] No pending sync request.
[Tue Feb 24 20:37:47 EST 2026] No pending sync request.
[Tue Feb 24 20:38:17 EST 2026] No pending sync request.
[Tue Feb 24 20:38:48 EST 2026] No pending sync request.
[Tue Feb 24 20:39:18 EST 2026] No pending sync request.
[Tue Feb 24 20:39:48 EST 2026] No pending sync request.
[Tue Feb 24 20:40:18 EST 2026] No pending sync request.
[Tue Feb 24 20:40:49 EST 2026] No pending sync request.
[Tue Feb 24 20:41:19 EST 2026] No pending sync request.
[Tue Feb 24 20:41:49 EST 2026] No pending sync request.
[Tue Feb 24 20:42:19 EST 2026] No pending sync request.
[Tue Feb 24 20:42:49 EST 2026] No pending sync request.
[Tue Feb 24 20:43:20 EST 2026] No pending sync request.
[Tue Feb 24 20:43:50 EST 2026] No pending sync request.
[Tue Feb 24 20:44:20 EST 2026] No pending sync request.
[Tue Feb 24 20:44:50 EST 2026] No pending sync request.
[Tue Feb 24 20:45:21 EST 2026] No pending sync request.
[Tue Feb 24 20:45:51 EST 2026] No pending sync request.
[Tue Feb 24 20:46:21 EST 2026] No pending sync request.
[Tue Feb 24 20:46:51 EST 2026] No pending sync request.
[Tue Feb 24 20:47:22 EST 2026] No pending sync request.
[Tue Feb 24 20:47:52 EST 2026] No pending sync request.
[Tue Feb 24 20:48:22 EST 2026] No pending sync request.
[Tue Feb 24 20:48:52 EST 2026] No pending sync request.
[Tue Feb 24 20:49:22 EST 2026] No pending sync request.
[Tue Feb 24 20:49:53 EST 2026] No pending sync request.
[Tue Feb 24 20:50:23 EST 2026] No pending sync request.
[Tue Feb 24 20:50:53 EST 2026] No pending sync request.
[Tue Feb 24 20:51:23 EST 2026] No pending sync request.
[Tue Feb 24 20:51:54 EST 2026] No pending sync request.
[Tue Feb 24 20:52:24 EST 2026] No pending sync request.
[Tue Feb 24 20:52:54 EST 2026] No pending sync request.
[Tue Feb 24 20:53:24 EST 2026] No pending sync request.
[Tue Feb 24 20:53:54 EST 2026] No pending sync request.
[Tue Feb 24 20:54:25 EST 2026] No pending sync request.
[Tue Feb 24 20:54:55 EST 2026] No pending sync request.
[Tue Feb 24 20:55:25 EST 2026] No pending sync request.
[Tue Feb 24 20:55:55 EST 2026] No pending sync request.
[Tue Feb 24 20:56:25 EST 2026] No pending sync request.
[Tue Feb 24 20:56:56 EST 2026] No pending sync request.
[Tue Feb 24 20:57:26 EST 2026] No pending sync request.
[Tue Feb 24 20:57:56 EST 2026] No pending sync request.
[Tue Feb 24 20:58:26 EST 2026] No pending sync request.
[Tue Feb 24 20:58:57 EST 2026] No pending sync request.
[Tue Feb 24 20:59:27 EST 2026] No pending sync request.
[Tue Feb 24 20:59:57 EST 2026] No pending sync request.
[Tue Feb 24 21:00:27 EST 2026] No pending sync request.
[Tue Feb 24 21:00:57 EST 2026] No pending sync request.
[Tue Feb 24 21:01:28 EST 2026] No pending sync request.
[Tue Feb 24 21:01:58 EST 2026] No pending sync request.
[Tue Feb 24 21:02:28 EST 2026] No pending sync request.
[Tue Feb 24 21:02:58 EST 2026] No pending sync request.
[Tue Feb 24 21:03:29 EST 2026] No pending sync request.
[Tue Feb 24 21:03:59 EST 2026] No pending sync request.
[Tue Feb 24 21:04:29 EST 2026] No pending sync request.
[Tue Feb 24 21:04:59 EST 2026] No pending sync request.
[Tue Feb 24 21:05:29 EST 2026] No pending sync request.
[Tue Feb 24 21:06:00 EST 2026] No pending sync request.
[Tue Feb 24 21:06:30 EST 2026] No pending sync request.
[Tue Feb 24 21:07:00 EST 2026] No pending sync request.
[Tue Feb 24 21:07:30 EST 2026] No pending sync request.
[Tue Feb 24 21:08:01 EST 2026] No pending sync request.
[Tue Feb 24 21:08:31 EST 2026] No pending sync request.
[Tue Feb 24 21:09:01 EST 2026] No pending sync request.
[Tue Feb 24 21:09:31 EST 2026] No pending sync request.
[Tue Feb 24 21:10:02 EST 2026] No pending sync request.
[Tue Feb 24 21:10:32 EST 2026] No pending sync request.
[Tue Feb 24 21:11:02 EST 2026] No pending sync request.
[Tue Feb 24 21:11:32 EST 2026] No pending sync request.
[Tue Feb 24 21:12:02 EST 2026] No pending sync request.
[Tue Feb 24 21:12:33 EST 2026] No pending sync request.
[Tue Feb 24 21:13:03 EST 2026] No pending sync request.
[Tue Feb 24 21:13:33 EST 2026] No pending sync request.
[Tue Feb 24 21:14:03 EST 2026] No pending sync request.
[Tue Feb 24 21:14:34 EST 2026] No pending sync request.
[Tue Feb 24 21:15:04 EST 2026] No pending sync request.
[Tue Feb 24 21:15:34 EST 2026] No pending sync request.
[Tue Feb 24 21:16:04 EST 2026] No pending sync request.
[Tue Feb 24 21:16:34 EST 2026] No pending sync request.
[Tue Feb 24 21:17:05 EST 2026] No pending sync request.
[Tue Feb 24 21:17:35 EST 2026] No pending sync request.
[Tue Feb 24 21:18:05 EST 2026] No pending sync request.
[Tue Feb 24 21:18:35 EST 2026] No pending sync request.
[Tue Feb 24 21:19:05 EST 2026] No pending sync request.
[Tue Feb 24 21:19:36 EST 2026] No pending sync request.
[Tue Feb 24 21:20:06 EST 2026] No pending sync request.
[Tue Feb 24 21:20:36 EST 2026] No pending sync request.
[Tue Feb 24 21:21:06 EST 2026] No pending sync request.
[Tue Feb 24 21:21:37 EST 2026] No pending sync request.
[Tue Feb 24 21:22:07 EST 2026] No pending sync request.
[Tue Feb 24 21:22:37 EST 2026] No pending sync request.
[Tue Feb 24 21:23:07 EST 2026] No pending sync request.
[Tue Feb 24 21:23:38 EST 2026] No pending sync request.
[Tue Feb 24 21:24:08 EST 2026] No pending sync request.
[Tue Feb 24 21:24:38 EST 2026] No pending sync request.
[Tue Feb 24 21:25:08 EST 2026] No pending sync request.
[Tue Feb 24 21:25:38 EST 2026] No pending sync request.
[Tue Feb 24 21:26:09 EST 2026] No pending sync request.
[Tue Feb 24 21:26:39 EST 2026] No pending sync request.
[Tue Feb 24 21:27:09 EST 2026] No pending sync request.
[Tue Feb 24 21:27:39 EST 2026] No pending sync request.
[Tue Feb 24 21:28:10 EST 2026] No pending sync request.
[Tue Feb 24 21:28:40 EST 2026] No pending sync request.
[Tue Feb 24 21:29:10 EST 2026] No pending sync request.
[Tue Feb 24 21:29:40 EST 2026] No pending sync request.
[Tue Feb 24 21:30:10 EST 2026] No pending sync request.
[Tue Feb 24 21:30:41 EST 2026] No pending sync request.
[Tue Feb 24 21:31:11 EST 2026] No pending sync request.
[Tue Feb 24 21:31:41 EST 2026] No pending sync request.
[Tue Feb 24 21:32:11 EST 2026] No pending sync request.
[Tue Feb 24 21:32:42 EST 2026] No pending sync request.
[Tue Feb 24 21:33:12 EST 2026] No pending sync request.
[Tue Feb 24 21:33:42 EST 2026] No pending sync request.
[Tue Feb 24 21:34:12 EST 2026] No pending sync request.
[Tue Feb 24 21:34:42 EST 2026] No pending sync request.
[Tue Feb 24 21:35:12 EST 2026] No pending sync request.
[Tue Feb 24 21:35:43 EST 2026] No pending sync request.
[Tue Feb 24 21:36:13 EST 2026] No pending sync request.
[Tue Feb 24 21:36:43 EST 2026] No pending sync request.
[Tue Feb 24 21:37:13 EST 2026] No pending sync request.
[Tue Feb 24 21:37:43 EST 2026] No pending sync request.
[Tue Feb 24 21:38:14 EST 2026] No pending sync request.
[Tue Feb 24 21:38:44 EST 2026] No pending sync request.
[Tue Feb 24 21:39:14 EST 2026] No pending sync request.
[Tue Feb 24 21:39:44 EST 2026] No pending sync request.
[Tue Feb 24 21:40:15 EST 2026] No pending sync request.
[Tue Feb 24 21:40:45 EST 2026] No pending sync request.
[Tue Feb 24 21:41:15 EST 2026] No pending sync request.
[Tue Feb 24 21:41:45 EST 2026] No pending sync request.
[Tue Feb 24 21:42:16 EST 2026] No pending sync request.
[Tue Feb 24 21:42:46 EST 2026] No pending sync request.
[Tue Feb 24 21:43:16 EST 2026] No pending sync request.
[Tue Feb 24 21:43:46 EST 2026] No pending sync request.
[Tue Feb 24 21:44:16 EST 2026] No pending sync request.
[Tue Feb 24 21:44:47 EST 2026] No pending sync request.
[Tue Feb 24 21:45:17 EST 2026] No pending sync request.
[Tue Feb 24 21:45:47 EST 2026] No pending sync request.
[Tue Feb 24 21:46:17 EST 2026] No pending sync request.
[Tue Feb 24 21:46:48 EST 2026] No pending sync request.
[Tue Feb 24 21:47:18 EST 2026] No pending sync request.
[Tue Feb 24 21:47:48 EST 2026] No pending sync request.
[Tue Feb 24 21:48:18 EST 2026] No pending sync request.
[Tue Feb 24 21:48:49 EST 2026] No pending sync request.
[Tue Feb 24 21:49:19 EST 2026] No pending sync request.
[Tue Feb 24 21:49:49 EST 2026] No pending sync request.
[Tue Feb 24 21:50:19 EST 2026] No pending sync request.
[Tue Feb 24 21:50:49 EST 2026] No pending sync request.
[Tue Feb 24 21:51:20 EST 2026] No pending sync request.
[Tue Feb 24 21:51:50 EST 2026] No pending sync request.
[Tue Feb 24 21:52:20 EST 2026] No pending sync request.
[Tue Feb 24 21:52:50 EST 2026] No pending sync request.
[Tue Feb 24 21:53:20 EST 2026] No pending sync request.
[Tue Feb 24 21:53:51 EST 2026] No pending sync request.
[Tue Feb 24 21:54:21 EST 2026] No pending sync request.
[Tue Feb 24 21:54:51 EST 2026] No pending sync request.
[Tue Feb 24 21:55:22 EST 2026] No pending sync request.
[Tue Feb 24 21:55:52 EST 2026] No pending sync request.
[Tue Feb 24 21:56:22 EST 2026] No pending sync request.
[Tue Feb 24 21:56:52 EST 2026] No pending sync request.
[Tue Feb 24 21:57:22 EST 2026] No pending sync request.
[Tue Feb 24 21:57:53 EST 2026] No pending sync request.
[Tue Feb 24 21:58:23 EST 2026] No pending sync request.
[Tue Feb 24 21:58:53 EST 2026] No pending sync request.
[Tue Feb 24 21:59:23 EST 2026] No pending sync request.
[Tue Feb 24 21:59:53 EST 2026] No pending sync request.
[Tue Feb 24 22:00:24 EST 2026] No pending sync request.
[Tue Feb 24 22:00:54 EST 2026] No pending sync request.
[Tue Feb 24 22:01:24 EST 2026] No pending sync request.
[Tue Feb 24 22:01:54 EST 2026] No pending sync request.
[Tue Feb 24 22:02:24 EST 2026] No pending sync request.
[Tue Feb 24 22:02:55 EST 2026] No pending sync request.
[Tue Feb 24 22:03:25 EST 2026] No pending sync request.
[Tue Feb 24 22:03:55 EST 2026] No pending sync request.
[Tue Feb 24 22:04:25 EST 2026] No pending sync request.
[Tue Feb 24 22:04:55 EST 2026] No pending sync request.
[Tue Feb 24 22:05:26 EST 2026] No pending sync request.
[Tue Feb 24 22:05:56 EST 2026] No pending sync request.
[Tue Feb 24 22:06:26 EST 2026] No pending sync request.
[Tue Feb 24 22:06:56 EST 2026] No pending sync request.
[Tue Feb 24 22:07:26 EST 2026] No pending sync request.
[Tue Feb 24 22:07:57 EST 2026] No pending sync request.
[Tue Feb 24 22:08:27 EST 2026] No pending sync request.
[Tue Feb 24 22:08:57 EST 2026] No pending sync request.
[Tue Feb 24 22:09:27 EST 2026] No pending sync request.
[Tue Feb 24 22:09:57 EST 2026] No pending sync request.
[Tue Feb 24 22:10:28 EST 2026] No pending sync request.
[Tue Feb 24 22:10:58 EST 2026] No pending sync request.
[Tue Feb 24 22:11:28 EST 2026] No pending sync request.
[Tue Feb 24 22:11:58 EST 2026] No pending sync request.
[Tue Feb 24 22:12:28 EST 2026] No pending sync request.
[Tue Feb 24 22:12:59 EST 2026] No pending sync request.
[Tue Feb 24 22:13:29 EST 2026] No pending sync request.
[Tue Feb 24 22:13:59 EST 2026] No pending sync request.
[Tue Feb 24 22:14:29 EST 2026] No pending sync request.
[Tue Feb 24 22:14:59 EST 2026] No pending sync request.
[Tue Feb 24 22:15:30 EST 2026] No pending sync request.
[Tue Feb 24 22:16:00 EST 2026] No pending sync request.
[Tue Feb 24 22:16:30 EST 2026] No pending sync request.
[Tue Feb 24 22:17:00 EST 2026] No pending sync request.
[Tue Feb 24 22:17:30 EST 2026] No pending sync request.
[Tue Feb 24 22:18:01 EST 2026] No pending sync request.
[Tue Feb 24 22:18:31 EST 2026] No pending sync request.
[Tue Feb 24 22:19:01 EST 2026] No pending sync request.
[Tue Feb 24 22:19:31 EST 2026] No pending sync request.
[Tue Feb 24 22:20:02 EST 2026] No pending sync request.
[Tue Feb 24 22:20:32 EST 2026] No pending sync request.
[Tue Feb 24 22:21:02 EST 2026] No pending sync request.
[Tue Feb 24 22:21:32 EST 2026] No pending sync request.
[Tue Feb 24 22:22:02 EST 2026] No pending sync request.
[Tue Feb 24 22:22:33 EST 2026] No pending sync request.
[Tue Feb 24 22:23:03 EST 2026] No pending sync request.
[Tue Feb 24 22:23:33 EST 2026] No pending sync request.
[Tue Feb 24 22:24:03 EST 2026] No pending sync request.
[Tue Feb 24 22:24:34 EST 2026] No pending sync request.
[Tue Feb 24 22:25:04 EST 2026] No pending sync request.
[Tue Feb 24 22:25:34 EST 2026] No pending sync request.
[Tue Feb 24 22:26:04 EST 2026] No pending sync request.
[Tue Feb 24 22:26:34 EST 2026] No pending sync request.
[Tue Feb 24 22:27:04 EST 2026] No pending sync request.
[Tue Feb 24 22:27:35 EST 2026] No pending sync request.
[Tue Feb 24 22:28:05 EST 2026] No pending sync request.
[Tue Feb 24 22:28:35 EST 2026] No pending sync request.
[Tue Feb 24 22:29:05 EST 2026] No pending sync request.
[Tue Feb 24 22:29:36 EST 2026] No pending sync request.
[Tue Feb 24 22:30:06 EST 2026] No pending sync request.
[Tue Feb 24 22:30:36 EST 2026] No pending sync request.
[Tue Feb 24 22:31:06 EST 2026] No pending sync request.
[Tue Feb 24 22:31:36 EST 2026] No pending sync request.
[Tue Feb 24 22:32:07 EST 2026] No pending sync request.
[Tue Feb 24 22:32:37 EST 2026] No pending sync request.
[Tue Feb 24 22:33:07 EST 2026] No pending sync request.
[Tue Feb 24 22:33:37 EST 2026] No pending sync request.
[Tue Feb 24 22:34:07 EST 2026] No pending sync request.
[Tue Feb 24 22:34:38 EST 2026] No pending sync request.
[Tue Feb 24 22:35:08 EST 2026] No pending sync request.
[Tue Feb 24 22:35:38 EST 2026] No pending sync request.
[Tue Feb 24 22:36:08 EST 2026] No pending sync request.
[Tue Feb 24 22:36:38 EST 2026] No pending sync request.
[Tue Feb 24 22:37:09 EST 2026] No pending sync request.
[Tue Feb 24 22:37:39 EST 2026] No pending sync request.
[Tue Feb 24 22:38:09 EST 2026] No pending sync request.
[Tue Feb 24 22:38:39 EST 2026] No pending sync request.
[Tue Feb 24 22:39:09 EST 2026] No pending sync request.
[Tue Feb 24 22:39:40 EST 2026] No pending sync request.
[Tue Feb 24 22:40:10 EST 2026] No pending sync request.
[Tue Feb 24 22:40:40 EST 2026] No pending sync request.
[Tue Feb 24 22:41:10 EST 2026] No pending sync request.
[Tue Feb 24 22:41:40 EST 2026] No pending sync request.
[Tue Feb 24 22:42:11 EST 2026] No pending sync request.
[Tue Feb 24 22:42:41 EST 2026] No pending sync request.
[Tue Feb 24 22:43:11 EST 2026] No pending sync request.
[Tue Feb 24 22:43:41 EST 2026] No pending sync request.
[Tue Feb 24 22:44:12 EST 2026] No pending sync request.
[Tue Feb 24 22:44:42 EST 2026] No pending sync request.
[Tue Feb 24 22:45:12 EST 2026] No pending sync request.
[Tue Feb 24 22:45:42 EST 2026] No pending sync request.
[Tue Feb 24 22:46:12 EST 2026] No pending sync request.
[Tue Feb 24 22:46:43 EST 2026] No pending sync request.
[Tue Feb 24 22:47:13 EST 2026] No pending sync request.
[Tue Feb 24 22:47:43 EST 2026] No pending sync request.
[Tue Feb 24 22:48:13 EST 2026] No pending sync request.
[Tue Feb 24 22:48:44 EST 2026] No pending sync request.
[Tue Feb 24 22:49:14 EST 2026] No pending sync request.
[Tue Feb 24 22:49:44 EST 2026] No pending sync request.
[Tue Feb 24 22:50:14 EST 2026] No pending sync request.
[Tue Feb 24 22:50:44 EST 2026] No pending sync request.
[Tue Feb 24 22:51:15 EST 2026] No pending sync request.
[Tue Feb 24 22:51:45 EST 2026] No pending sync request.
[Tue Feb 24 22:52:15 EST 2026] No pending sync request.
[Tue Feb 24 22:52:45 EST 2026] No pending sync request.
[Tue Feb 24 22:53:15 EST 2026] No pending sync request.
[Tue Feb 24 22:53:46 EST 2026] No pending sync request.
[Tue Feb 24 22:54:16 EST 2026] No pending sync request.
[Tue Feb 24 22:54:46 EST 2026] No pending sync request.
[Tue Feb 24 22:55:16 EST 2026] No pending sync request.
[Tue Feb 24 22:55:47 EST 2026] No pending sync request.
[Tue Feb 24 22:56:17 EST 2026] No pending sync request.
[Tue Feb 24 22:56:47 EST 2026] No pending sync request.
[Tue Feb 24 22:57:17 EST 2026] No pending sync request.
[Tue Feb 24 22:57:47 EST 2026] No pending sync request.
[Tue Feb 24 22:58:18 EST 2026] No pending sync request.
[Tue Feb 24 22:58:48 EST 2026] No pending sync request.
[Tue Feb 24 22:59:18 EST 2026] No pending sync request.
[Tue Feb 24 22:59:48 EST 2026] No pending sync request.
[Tue Feb 24 23:00:18 EST 2026] No pending sync request.
[Tue Feb 24 23:00:49 EST 2026] No pending sync request.
[Tue Feb 24 23:01:19 EST 2026] No pending sync request.
[Tue Feb 24 23:01:49 EST 2026] No pending sync request.
[Tue Feb 24 23:02:19 EST 2026] No pending sync request.
[Tue Feb 24 23:02:49 EST 2026] No pending sync request.
[Tue Feb 24 23:03:20 EST 2026] No pending sync request.
[Tue Feb 24 23:03:50 EST 2026] No pending sync request.
[Tue Feb 24 23:04:20 EST 2026] No pending sync request.
[Tue Feb 24 23:04:50 EST 2026] No pending sync request.
[Tue Feb 24 23:05:20 EST 2026] No pending sync request.
[Tue Feb 24 23:05:51 EST 2026] No pending sync request.
[Tue Feb 24 23:06:21 EST 2026] No pending sync request.
[Tue Feb 24 23:06:51 EST 2026] No pending sync request.
[Tue Feb 24 23:07:21 EST 2026] No pending sync request.
[Tue Feb 24 23:07:51 EST 2026] No pending sync request.
[Tue Feb 24 23:08:22 EST 2026] No pending sync request.
[Tue Feb 24 23:08:52 EST 2026] No pending sync request.
[Tue Feb 24 23:09:22 EST 2026] No pending sync request.
[Tue Feb 24 23:09:52 EST 2026] No pending sync request.
[Tue Feb 24 23:10:22 EST 2026] No pending sync request.
[Tue Feb 24 23:10:53 EST 2026] No pending sync request.
[Tue Feb 24 23:11:23 EST 2026] No pending sync request.
[Tue Feb 24 23:11:53 EST 2026] No pending sync request.
[Tue Feb 24 23:12:24 EST 2026] No pending sync request.
[Tue Feb 24 23:12:54 EST 2026] No pending sync request.
[Tue Feb 24 23:13:24 EST 2026] No pending sync request.
[Tue Feb 24 23:13:54 EST 2026] No pending sync request.
[Tue Feb 24 23:14:24 EST 2026] No pending sync request.
[Tue Feb 24 23:14:55 EST 2026] No pending sync request.
[Tue Feb 24 23:15:25 EST 2026] No pending sync request.
[Tue Feb 24 23:15:55 EST 2026] No pending sync request.
[Tue Feb 24 23:16:25 EST 2026] No pending sync request.
[Tue Feb 24 23:16:55 EST 2026] No pending sync request.
[Tue Feb 24 23:17:26 EST 2026] No pending sync request.
[Tue Feb 24 23:17:56 EST 2026] No pending sync request.
[Tue Feb 24 23:18:26 EST 2026] No pending sync request.
[Tue Feb 24 23:18:56 EST 2026] No pending sync request.
[Tue Feb 24 23:19:26 EST 2026] No pending sync request.
[Tue Feb 24 23:19:57 EST 2026] No pending sync request.
[Tue Feb 24 23:20:27 EST 2026] No pending sync request.
[Tue Feb 24 23:20:57 EST 2026] No pending sync request.
[Tue Feb 24 23:21:27 EST 2026] No pending sync request.
[Tue Feb 24 23:21:57 EST 2026] No pending sync request.
[Tue Feb 24 23:22:28 EST 2026] No pending sync request.
[Tue Feb 24 23:22:58 EST 2026] No pending sync request.
[Tue Feb 24 23:23:28 EST 2026] No pending sync request.
[Tue Feb 24 23:23:58 EST 2026] No pending sync request.
[Tue Feb 24 23:24:28 EST 2026] No pending sync request.
[Tue Feb 24 23:24:59 EST 2026] No pending sync request.
[Tue Feb 24 23:25:29 EST 2026] No pending sync request.
[Tue Feb 24 23:25:59 EST 2026] No pending sync request.
[Tue Feb 24 23:26:29 EST 2026] No pending sync request.
[Tue Feb 24 23:26:59 EST 2026] No pending sync request.
[Tue Feb 24 23:27:30 EST 2026] No pending sync request.
[Tue Feb 24 23:28:00 EST 2026] No pending sync request.
[Tue Feb 24 23:28:30 EST 2026] No pending sync request.
[Tue Feb 24 23:29:00 EST 2026] No pending sync request.
[Tue Feb 24 23:29:31 EST 2026] No pending sync request.
[Tue Feb 24 23:30:01 EST 2026] No pending sync request.
[Tue Feb 24 23:30:31 EST 2026] No pending sync request.
[Tue Feb 24 23:31:01 EST 2026] No pending sync request.
[Tue Feb 24 23:31:31 EST 2026] No pending sync request.
[Tue Feb 24 23:32:02 EST 2026] No pending sync request.
[Tue Feb 24 23:32:32 EST 2026] No pending sync request.
[Tue Feb 24 23:33:02 EST 2026] No pending sync request.
[Tue Feb 24 23:33:32 EST 2026] No pending sync request.
[Tue Feb 24 23:34:02 EST 2026] No pending sync request.
[Tue Feb 24 23:34:33 EST 2026] No pending sync request.
[Tue Feb 24 23:35:03 EST 2026] No pending sync request.
[Tue Feb 24 23:35:33 EST 2026] No pending sync request.
[Tue Feb 24 23:36:03 EST 2026] No pending sync request.
[Tue Feb 24 23:36:34 EST 2026] No pending sync request.
[Tue Feb 24 23:37:04 EST 2026] No pending sync request.
[Tue Feb 24 23:37:34 EST 2026] No pending sync request.
[Tue Feb 24 23:38:04 EST 2026] No pending sync request.
[Tue Feb 24 23:38:34 EST 2026] No pending sync request.
[Tue Feb 24 23:39:05 EST 2026] No pending sync request.
[Tue Feb 24 23:39:35 EST 2026] No pending sync request.
[Tue Feb 24 23:40:05 EST 2026] No pending sync request.
[Tue Feb 24 23:40:35 EST 2026] No pending sync request.
[Tue Feb 24 23:41:05 EST 2026] No pending sync request.
[Tue Feb 24 23:41:36 EST 2026] No pending sync request.
[Tue Feb 24 23:42:06 EST 2026] No pending sync request.
[Tue Feb 24 23:42:36 EST 2026] No pending sync request.
[Tue Feb 24 23:43:06 EST 2026] No pending sync request.
[Tue Feb 24 23:43:36 EST 2026] No pending sync request.
[Tue Feb 24 23:44:07 EST 2026] No pending sync request.
[Tue Feb 24 23:44:37 EST 2026] No pending sync request.
[Tue Feb 24 23:45:07 EST 2026] No pending sync request.
[Tue Feb 24 23:45:37 EST 2026] No pending sync request.
[Tue Feb 24 23:46:07 EST 2026] No pending sync request.
[Tue Feb 24 23:46:38 EST 2026] No pending sync request.
[Tue Feb 24 23:47:08 EST 2026] No pending sync request.
[Tue Feb 24 23:47:38 EST 2026] No pending sync request.
[Tue Feb 24 23:48:08 EST 2026] No pending sync request.
[Tue Feb 24 23:48:39 EST 2026] No pending sync request.
[Tue Feb 24 23:49:09 EST 2026] No pending sync request.
[Tue Feb 24 23:49:39 EST 2026] No pending sync request.
[Tue Feb 24 23:50:09 EST 2026] No pending sync request.
[Tue Feb 24 23:50:39 EST 2026] No pending sync request.
[Tue Feb 24 23:51:10 EST 2026] No pending sync request.
[Tue Feb 24 23:51:40 EST 2026] No pending sync request.
[Tue Feb 24 23:52:10 EST 2026] No pending sync request.
[Tue Feb 24 23:52:40 EST 2026] No pending sync request.
[Tue Feb 24 23:53:10 EST 2026] No pending sync request.
[Tue Feb 24 23:53:41 EST 2026] No pending sync request.
[Tue Feb 24 23:54:11 EST 2026] No pending sync request.
[Tue Feb 24 23:54:41 EST 2026] No pending sync request.
[Tue Feb 24 23:55:11 EST 2026] No pending sync request.
[Tue Feb 24 23:55:42 EST 2026] No pending sync request.
[Tue Feb 24 23:56:12 EST 2026] No pending sync request.
[Tue Feb 24 23:56:42 EST 2026] No pending sync request.
[Tue Feb 24 23:57:12 EST 2026] No pending sync request.
[Tue Feb 24 23:57:43 EST 2026] No pending sync request.
[Tue Feb 24 23:58:13 EST 2026] No pending sync request.
[Tue Feb 24 23:58:43 EST 2026] No pending sync request.
[Tue Feb 24 23:59:13 EST 2026] No pending sync request.
[Tue Feb 24 23:59:43 EST 2026] No pending sync request.
[Wed Feb 25 00:00:14 EST 2026] No pending sync request.
[Wed Feb 25 00:00:44 EST 2026] No pending sync request.
[Wed Feb 25 00:01:14 EST 2026] No pending sync request.
[Wed Feb 25 00:01:44 EST 2026] No pending sync request.
[Wed Feb 25 00:02:15 EST 2026] No pending sync request.
[Wed Feb 25 00:02:45 EST 2026] No pending sync request.
[Wed Feb 25 00:03:15 EST 2026] No pending sync request.
[Wed Feb 25 00:03:45 EST 2026] No pending sync request.
[Wed Feb 25 00:04:15 EST 2026] No pending sync request.
[Wed Feb 25 00:04:46 EST 2026] No pending sync request.
[Wed Feb 25 00:05:16 EST 2026] No pending sync request.
[Wed Feb 25 00:05:46 EST 2026] No pending sync request.
[Wed Feb 25 00:06:16 EST 2026] No pending sync request.
[Wed Feb 25 00:06:47 EST 2026] No pending sync request.
[Wed Feb 25 00:07:17 EST 2026] No pending sync request.
[Wed Feb 25 00:07:47 EST 2026] No pending sync request.
[Wed Feb 25 00:08:17 EST 2026] No pending sync request.
[Wed Feb 25 00:08:47 EST 2026] No pending sync request.
[Wed Feb 25 00:09:18 EST 2026] No pending sync request.
[Wed Feb 25 00:09:48 EST 2026] No pending sync request.
[Wed Feb 25 00:10:18 EST 2026] No pending sync request.
[Wed Feb 25 00:10:48 EST 2026] No pending sync request.
[Wed Feb 25 00:11:18 EST 2026] No pending sync request.
[Wed Feb 25 00:11:48 EST 2026] No pending sync request.
[Wed Feb 25 00:12:19 EST 2026] No pending sync request.
[Wed Feb 25 00:12:49 EST 2026] No pending sync request.
[Wed Feb 25 00:13:19 EST 2026] No pending sync request.
[Wed Feb 25 00:13:49 EST 2026] No pending sync request.
[Wed Feb 25 00:14:19 EST 2026] No pending sync request.
[Wed Feb 25 00:14:50 EST 2026] No pending sync request.
[Wed Feb 25 00:15:20 EST 2026] No pending sync request.
[Wed Feb 25 00:15:50 EST 2026] No pending sync request.
[Wed Feb 25 00:16:21 EST 2026] No pending sync request.
[Wed Feb 25 00:16:51 EST 2026] No pending sync request.
[Wed Feb 25 00:17:21 EST 2026] No pending sync request.
[Wed Feb 25 00:17:51 EST 2026] No pending sync request.
[Wed Feb 25 00:18:21 EST 2026] No pending sync request.
[Wed Feb 25 00:18:52 EST 2026] No pending sync request.
[Wed Feb 25 00:19:22 EST 2026] No pending sync request.
[Wed Feb 25 00:19:52 EST 2026] No pending sync request.
[Wed Feb 25 00:20:22 EST 2026] No pending sync request.
[Wed Feb 25 00:20:52 EST 2026] No pending sync request.
[Wed Feb 25 00:21:23 EST 2026] No pending sync request.
[Wed Feb 25 00:21:53 EST 2026] No pending sync request.
[Wed Feb 25 00:22:23 EST 2026] No pending sync request.
[Wed Feb 25 00:22:53 EST 2026] No pending sync request.
[Wed Feb 25 00:23:24 EST 2026] No pending sync request.
[Wed Feb 25 00:23:54 EST 2026] No pending sync request.
[Wed Feb 25 00:24:24 EST 2026] No pending sync request.
[Wed Feb 25 00:24:54 EST 2026] No pending sync request.
[Wed Feb 25 00:25:24 EST 2026] No pending sync request.
[Wed Feb 25 00:25:55 EST 2026] No pending sync request.
[Wed Feb 25 00:26:25 EST 2026] No pending sync request.
[Wed Feb 25 00:26:55 EST 2026] No pending sync request.
[Wed Feb 25 00:27:25 EST 2026] No pending sync request.
[Wed Feb 25 00:27:55 EST 2026] No pending sync request.
[Wed Feb 25 00:28:26 EST 2026] No pending sync request.
[Wed Feb 25 00:28:56 EST 2026] No pending sync request.
[Wed Feb 25 00:29:26 EST 2026] No pending sync request.
[Wed Feb 25 00:29:56 EST 2026] No pending sync request.
[Wed Feb 25 00:30:27 EST 2026] No pending sync request.
[Wed Feb 25 00:30:57 EST 2026] No pending sync request.
[Wed Feb 25 00:31:27 EST 2026] No pending sync request.
[Wed Feb 25 00:31:57 EST 2026] No pending sync request.
[Wed Feb 25 00:32:27 EST 2026] No pending sync request.
[Wed Feb 25 00:32:58 EST 2026] No pending sync request.
[Wed Feb 25 00:33:28 EST 2026] No pending sync request.
[Wed Feb 25 00:33:58 EST 2026] No pending sync request.
[Wed Feb 25 00:34:28 EST 2026] No pending sync request.
[Wed Feb 25 00:34:58 EST 2026] No pending sync request.
[Wed Feb 25 00:35:29 EST 2026] No pending sync request.
[Wed Feb 25 00:35:59 EST 2026] No pending sync request.
[Wed Feb 25 00:36:29 EST 2026] No pending sync request.
[Wed Feb 25 00:36:59 EST 2026] No pending sync request.
[Wed Feb 25 00:37:30 EST 2026] No pending sync request.
[Wed Feb 25 00:38:00 EST 2026] No pending sync request.
[Wed Feb 25 00:38:30 EST 2026] No pending sync request.
[Wed Feb 25 00:39:00 EST 2026] No pending sync request.
[Wed Feb 25 00:39:31 EST 2026] No pending sync request.
[Wed Feb 25 00:40:01 EST 2026] No pending sync request.
[Wed Feb 25 00:40:31 EST 2026] No pending sync request.
[Wed Feb 25 00:41:01 EST 2026] No pending sync request.
[Wed Feb 25 00:41:32 EST 2026] No pending sync request.
[Wed Feb 25 00:42:02 EST 2026] No pending sync request.
[Wed Feb 25 00:42:32 EST 2026] No pending sync request.
[Wed Feb 25 00:43:02 EST 2026] No pending sync request.
[Wed Feb 25 00:43:33 EST 2026] No pending sync request.
[Wed Feb 25 00:44:03 EST 2026] No pending sync request.
[Wed Feb 25 00:44:33 EST 2026] No pending sync request.
[Wed Feb 25 00:45:03 EST 2026] No pending sync request.
[Wed Feb 25 00:45:33 EST 2026] No pending sync request.
[Wed Feb 25 00:46:04 EST 2026] No pending sync request.
[Wed Feb 25 00:46:34 EST 2026] No pending sync request.
[Wed Feb 25 00:47:04 EST 2026] No pending sync request.
[Wed Feb 25 00:47:34 EST 2026] No pending sync request.
[Wed Feb 25 00:48:05 EST 2026] No pending sync request.
[Wed Feb 25 00:48:35 EST 2026] No pending sync request.
[Wed Feb 25 00:49:05 EST 2026] No pending sync request.
[Wed Feb 25 00:49:35 EST 2026] No pending sync request.
[Wed Feb 25 00:50:06 EST 2026] No pending sync request.
[Wed Feb 25 00:50:36 EST 2026] No pending sync request.
[Wed Feb 25 00:51:06 EST 2026] No pending sync request.
[Wed Feb 25 00:51:36 EST 2026] No pending sync request.
[Wed Feb 25 00:52:06 EST 2026] No pending sync request.
[Wed Feb 25 00:52:37 EST 2026] No pending sync request.
[Wed Feb 25 00:53:07 EST 2026] No pending sync request.
[Wed Feb 25 00:53:37 EST 2026] No pending sync request.
[Wed Feb 25 00:54:07 EST 2026] No pending sync request.
[Wed Feb 25 00:54:37 EST 2026] No pending sync request.
[Wed Feb 25 00:55:08 EST 2026] No pending sync request.
[Wed Feb 25 00:55:38 EST 2026] No pending sync request.
[Wed Feb 25 00:56:08 EST 2026] No pending sync request.
[Wed Feb 25 00:56:38 EST 2026] No pending sync request.
[Wed Feb 25 00:57:08 EST 2026] No pending sync request.
[Wed Feb 25 00:57:39 EST 2026] No pending sync request.
[Wed Feb 25 00:58:09 EST 2026] No pending sync request.
[Wed Feb 25 00:58:39 EST 2026] No pending sync request.
[Wed Feb 25 00:59:09 EST 2026] No pending sync request.
[Wed Feb 25 00:59:40 EST 2026] No pending sync request.
[Wed Feb 25 01:00:10 EST 2026] No pending sync request.
[Wed Feb 25 01:00:40 EST 2026] No pending sync request.
[Wed Feb 25 01:01:10 EST 2026] No pending sync request.
[Wed Feb 25 01:01:40 EST 2026] No pending sync request.
[Wed Feb 25 01:02:11 EST 2026] No pending sync request.
[Wed Feb 25 01:02:41 EST 2026] No pending sync request.
[Wed Feb 25 01:03:11 EST 2026] No pending sync request.
